record_id,full_name,age,state,department,annual_income,service_requests,registration_date,email,phone
JS00001,Ananya Sharma,65.0,Karnataka,Education,396959.25,23,2025-04-15,ananya.sharma1@example.org,9826600539
JS00002,Rohan Reddy,55.0,Tamil Nadu,Health,122312.05,6,2025-08-27,rohan.reddy2@example.org,9642621108
JS00003,Meera Sharma,53.0,Telangana,Transport,675718.15,14,2025-10-12,meera.sharma3@example.org,9969119330
JS00004,Aarav Kumar,62.0,Tamil Nadu,Rural Development,474577.31,6,2025-12-11,aarav.kumar4@example.org,9209747451
JS00005,Ananya Das,24.0,Karnataka,Rural Development,937290.96,25,2025-02-14,ananya.das5@example.org,9883543540
JS00006,Kavya Nair,25.0,Tamil Nadu,Health,863897.7,20,2026-01-06,kavya.nair6@example.org,9719927151
JS00007,Priya Reddy,20.0,Telangana,Rural Development,1479014.56,7,2025-04-14,priya.reddy7@example.org,9508157429
JS00008,Arjun Verma,58.0,Karnataka,Education,605656.97,6,2025-10-01,arjun.verma8@example.org,9853573823
JS00009,Ananya Gupta,58.0,Telangana,Transport,1115360.05,5,2026-04-19,ananya.gupta9@example.org,9507437181
JS00010,Arjun Nair,32.0,Karnataka,Health,405248.26,1,2025-11-20,arjun.nair10@example.org,9530747414
JS00011,Arjun Reddy,31.0,Maharashtra,Rural Development,381929.69,15,2026-02-10,arjun.reddy11@example.org,9790256940
JS00012,Kavya Kumar,34.0,Telangana,Education,1137884.35,17,2025-09-27,kavya.kumar12@example.org,9902099969
JS00013,Meera Das,75.0,Maharashtra,Social Welfare,594034.95,4,2026-06-06,meera.das13@example.org,9629908599
JS00014,Ananya Sharma,73.0,Andhra Pradesh,Education,970973.38,25,2026-03-09,ananya.sharma14@example.org,9740389325
JS00015,Ananya Das,42.0,Maharashtra,Social Welfare,831342.37,17,2025-01-12,ananya.das15@example.org,9830448745
JS00016,Ananya Nair,66.0,Karnataka,Rural Development,238404.09,13,2025-06-11,ananya.nair16@example.org,9587182120
JS00017,Aarav Singh,50.0,Telangana,Transport,1375931.53,20,2025-11-02,aarav.singh17@example.org,9786066793
JS00018,Rohan Gupta,30.0,Telangana,Rural Development,1162765.34,17,2026-06-28,,9100614068
JS00019,Meera Rao,49.0,Andhra Pradesh,Health,1399320.04,25,2025-11-11,meera.rao19@example.org,9357109965
JS00020,Aarav Patel,74.0,Maharashtra,Health,201627.9,15,2025-03-12,aarav.patel20@example.org,9916690353
JS00021,Rohan Kumar,26.0,Tamil Nadu,Transport,314480.28,16,2026-03-10,rohan.kumar21@example.org,9327416584
JS00022,Rohan Patel,63.0,Karnataka,Social Welfare,1493112.09,20,2026-01-18,rohan.patel22@example.org,9570406376
JS00023,Rohan Verma,25.0,Telangana,Education,170916.77,0,2026-07-22,rohan.verma23@example.org,9347083812
JS00024,Meera Patel,18.0,Andhra Pradesh,Health,405097.33,1,2025-12-05,meera.patel24@example.org,9176082500
JS00025,Rohan Patel,35.0,Tamil Nadu,Education,845712.18,23,2026-08-08,rohan.patel25@example.org,9718702544
JS00026,Kavya Patel,68.0,Tamil Nadu,Social Welfare,350382.08,3,2026-03-18,kavya.patel26@example.org,9480424119
JS00027,Vikram Das,47.0,Andhra Pradesh,Health,166070.0,23,2025-12-14,vikram.das27@example.org,9959629660
JS00028,Ananya Patel,30.0,Telangana,Transport,717031.24,13,2025-07-07,ananya.patel28@example.org,9399085574
JS00029,Kavya Patel,73.0,Andhra Pradesh,Social Welfare,1227391.59,17,2025-04-11,kavya.patel29@example.org,9154318806
JS00030,Rohan Sharma,23.0,Telangana,Education,657107.96,15,2025-08-07,rohan.sharma30@example.org,9530613729
JS00031,Aarav Kumar,42.0,Andhra Pradesh,Social Welfare,456588.34,25,2026-04-11,aarav.kumar31@example.org,9406284028
JS00032,Vikram Nair,60.0,Tamil Nadu,Education,349654.97,6,2025-03-01,vikram.nair32@example.org,9721890096
JS00033,Rohan Sharma,65.0,Karnataka,Health,151202.12,15,2026-05-30,rohan.sharma33@example.org,9670292350
JS00034,Rahul Sharma,50.0,Andhra Pradesh,Education,177300.29,2,2025-08-29,rahul.sharma34@example.org,9533550699
JS00035,Ananya Gupta,33.0,Maharashtra,Transport,136433.16,2,2026-03-06,ananya.gupta35@example.org,9805849060
JS00036,Meera Gupta,51.0,Karnataka,Rural Development,370048.06,22,2025-11-18,meera.gupta36@example.org,9356287095
JS00037,Arjun Das,26.0,Karnataka,Social Welfare,528971.62,24,2025-03-16,arjun.das37@example.org,9110002396
JS00038,Kavya Gupta,54.0,Andhra Pradesh,Health,843440.85,16,2025-09-29,kavya.gupta38@example.org,9242224154
JS00039,Sneha Reddy,74.0,Telangana,Rural Development,484682.1,14,2026-07-11,sneha.reddy39@example.org,9855420240
JS00040,Arjun Gupta,69.0,Maharashtra,Health,1028365.75,17,2025-11-03,arjun.gupta40@example.org,9812308209
JS00041,Ananya Kumar,34.0,Andhra Pradesh,Health,1134231.69,4,2025-10-06,ananya.kumar41@example.org,9402533494
JS00042,Meera Patel,63.0,Karnataka,Education,1056245.92,8,2026-06-02,meera.patel42@example.org,9624557080
JS00043,Arjun Sharma,23.0,Tamil Nadu,Rural Development,,10,2025-05-14,arjun.sharma43@example.org,9784095277
JS00044,Arjun Kumar,65.0,Tamil Nadu,Transport,1082047.77,17,2025-01-10,arjun.kumar44@example.org,9220123666
JS00045,Ananya Kumar,52.0,Andhra Pradesh,Rural Development,907163.58,4,2026-03-17,ananya.kumar45@example.org,9236843584
JS00046,Aarav Singh,41.0,Andhra Pradesh,Rural Development,378308.68,7,2025-04-16,aarav.singh46@example.org,9479759538
JS00047,Rohan Das,57.0,Telangana,Education,1307740.09,25,2025-07-01,rohan.das47@example.org,9542697755
JS00048,Aarav Kumar,65.0,Karnataka,Social Welfare,1219173.9,23,2025-09-12,aarav.kumar48@example.org,9386480450
JS00049,Rahul Reddy,42.0,Andhra Pradesh,Social Welfare,395855.88,14,2025-12-25,rahul.reddy49@example.org,9427696198
JS00050,Priya Patel,19.0,Telangana,Social Welfare,546131.97,2,2025-10-13,priya.patel50@example.org,9477040284
JS00051,Rohan Das,61.0,Maharashtra,Rural Development,1413716.74,3,2025-09-25,rohan.das51@example.org,9291735734
JS00052,Meera Singh,20.0,Andhra Pradesh,Transport,697080.54,23,2025-11-18,meera.singh52@example.org,9568574364
JS00053,Meera Nair,25.0,Tamil Nadu,Transport,349911.86,1,2026-03-23,meera.nair53@example.org,9101815992
JS00054,Rohan Nair,61.0,Telangana,Rural Development,692442.31,21,2025-12-05,rohan.nair54@example.org,9769108025
JS00055,Sneha Reddy,64.0,Karnataka,Transport,519184.22,13,2025-12-01,sneha.reddy55@example.org,9532074125
JS00056,Arjun Nair,26.0,Telangana,Social Welfare,1024199.8,12,2025-06-28,arjun.nair56@example.org,9760904107
JS00057,Meera Singh,43.0,Maharashtra,Health,511502.43,6,2026-03-17,meera.singh57@example.org,9943702118
JS00058,Meera Gupta,59.0,Karnataka,Social Welfare,707336.14,21,2025-08-07,meera.gupta58@example.org,9648868899
JS00059,Kavya Kumar,60.0,Andhra Pradesh,Rural Development,811941.85,20,2025-12-10,kavya.kumar59@example.org,9200273738
JS00060,Priya Singh,32.0,Telangana,Education,114684.05,7,2026-05-02,priya.singh60@example.org,9756350429
JS00061,Ananya Verma,44.0,Maharashtra,Education,1100051.2,12,2026-05-22,ananya.verma61@example.org,9529123992
JS00062,Priya Kumar,59.0,Andhra Pradesh,Health,1185356.98,7,2025-06-30,priya.kumar62@example.org,9963406382
JS00063,Rohan Verma,21.0,Maharashtra,Education,1382807.42,3,2026-04-13,rohan.verma63@example.org,9243171768
JS00064,Kavya Nair,53.0,Maharashtra,Rural Development,1429056.24,14,2026-06-01,kavya.nair64@example.org,9558209399
JS00065,Rohan Verma,75.0,Telangana,Social Welfare,719099.06,24,2025-09-11,rohan.verma65@example.org,9784683755
JS00066,Arjun Nair,49.0,Telangana,Rural Development,704619.08,22,2025-10-20,arjun.nair66@example.org,9351785565
JS00067,Arjun Rao,38.0,Maharashtra,Health,276491.17,7,2026-01-28,arjun.rao67@example.org,9845122940
JS00068,Rahul Patel,22.0,Tamil Nadu,Social Welfare,549851.58,14,2026-03-02,rahul.patel68@example.org,9166857303
JS00069,Priya Das,42.0,Maharashtra,Health,1296559.49,24,2026-08-13,priya.das69@example.org,9508431021
JS00070,Kavya Sharma,40.0,Karnataka,Social Welfare,1291896.09,13,2026-07-06,kavya.sharma70@example.org,9902638839
JS00071,Rohan Gupta,75.0,Telangana,Social Welfare,391578.72,13,2026-05-13,rohan.gupta71@example.org,9131165166
JS00072,Vikram Rao,60.0,Tamil Nadu,Education,1273518.04,4,2026-07-01,vikram.rao72@example.org,9128955006
JS00073,Vikram Gupta,54.0,Andhra Pradesh,Health,992704.5,4,2026-04-18,vikram.gupta73@example.org,9295130056
JS00074,Aarav Singh,42.0,,Education,725673.04,10,2026-01-24,aarav.singh74@example.org,9398775766
JS00075,Vikram Singh,71.0,Andhra Pradesh,Social Welfare,107524.27,17,2025-02-23,vikram.singh75@example.org,9475767056
JS00076,Priya Reddy,67.0,Andhra Pradesh,Health,1428448.66,6,2025-01-21,priya.reddy76@example.org,9767154083
JS00077,Rahul Patel,26.0,Tamil Nadu,Health,880836.81,6,2026-04-22,rahul.patel77@example.org,9851044796
JS00078,Arjun Rao,28.0,Maharashtra,Transport,1448503.34,22,2025-04-28,arjun.rao78@example.org,9935147672
JS00079,Rahul Singh,24.0,Maharashtra,Health,1399019.78,18,2026-01-20,rahul.singh79@example.org,9525904456
JS00080,Priya Reddy,55.0,Telangana,Health,1070014.06,9,2025-05-04,priya.reddy80@example.org,9954942461
JS00081,Meera Sharma,40.0,Maharashtra,Social Welfare,1019360.3,2,2026-06-03,meera.sharma81@example.org,9795294275
JS00082,Sneha Sharma,72.0,Tamil Nadu,Social Welfare,229865.2,11,2026-04-16,sneha.sharma82@example.org,9859466878
JS00083,Rahul Das,29.0,Maharashtra,Rural Development,954595.54,17,2026-05-11,rahul.das83@example.org,9599154414
JS00084,Vikram Gupta,35.0,Karnataka,Education,1259638.05,2,2025-10-13,vikram.gupta84@example.org,9584044963
JS00085,Priya Verma,54.0,Maharashtra,Social Welfare,557683.2,15,2025-11-29,priya.verma85@example.org,9295249057
JS00086,Kavya Patel,40.0,Karnataka,Rural Development,477115.05,19,2025-10-10,kavya.patel86@example.org,9696776072
JS00087,Aarav Nair,30.0,Andhra Pradesh,Education,1102506.02,15,2026-07-23,aarav.nair87@example.org,9914073098
JS00088,Priya Verma,59.0,Tamil Nadu,Social Welfare,1205964.67,2,2025-10-29,priya.verma88@example.org,9337937327
JS00089,Vikram Patel,37.0,Maharashtra,Rural Development,752029.89,16,2025-12-19,,9556881239
JS00090,Rohan Rao,40.0,Tamil Nadu,Rural Development,515404.65,7,2025-05-04,rohan.rao90@example.org,9874473159
JS00091,Priya Rao,25.0,Maharashtra,Education,351988.18,23,2026-05-11,priya.rao91@example.org,9396889215
JS00092,Meera Nair,56.0,Karnataka,Health,1262332.28,9,2025-08-21,meera.nair92@example.org,9487493096
JS00093,Rahul Singh,18.0,Maharashtra,Education,469522.08,1,2026-07-21,rahul.singh93@example.org,9413679331
JS00094,Rahul Verma,24.0,Andhra Pradesh,Transport,483761.84,15,2026-03-28,rahul.verma94@example.org,9465830215
JS00095,Rahul Sharma,34.0,Tamil Nadu,Health,1247404.22,12,2026-05-19,rahul.sharma95@example.org,9179545125
JS00096,Meera Sharma,27.0,Telangana,Transport,1427758.41,2,2025-09-12,meera.sharma96@example.org,9227186396
JS00097,Rohan Das,56.0,Maharashtra,Transport,400475.73,16,2026-01-25,rohan.das97@example.org,9583736219
JS00098,Kavya Singh,73.0,Maharashtra,Social Welfare,513639.95,19,2025-03-03,kavya.singh98@example.org,9754586204
JS00099,Ananya Patel,58.0,Telangana,Rural Development,1017807.95,5,2025-09-03,ananya.patel99@example.org,9286630878
JS00100,Rohan Reddy,28.0,Andhra Pradesh,Social Welfare,719715.26,19,2026-04-27,rohan.reddy100@example.org,9412737284
JS00101,Aarav Patel,36.0,Karnataka,Social Welfare,181075.26,7,2025-09-28,aarav.patel101@example.org,9945923902
JS00102,Meera Patel,,Andhra Pradesh,Transport,399229.42,4,2025-09-30,meera.patel102@example.org,9987588450
JS00103,Rahul Reddy,21.0,Telangana,Rural Development,924962.53,18,2025-10-23,rahul.reddy103@example.org,9571537429
JS00104,Ananya Verma,62.0,Karnataka,Social Welfare,1418600.26,16,2026-07-07,ananya.verma104@example.org,9630208579
JS00105,Kavya Reddy,56.0,Andhra Pradesh,Social Welfare,1123038.17,19,2025-09-14,kavya.reddy105@example.org,9127772220
JS00106,Ananya Patel,61.0,Maharashtra,Transport,1430116.51,24,2025-10-03,ananya.patel106@example.org,9718740490
JS00107,Aarav Kumar,48.0,Maharashtra,Social Welfare,1380823.36,5,2026-08-23,aarav.kumar107@example.org,9568027936
JS00108,Kavya Reddy,48.0,Karnataka,Social Welfare,553297.92,21,2025-04-18,kavya.reddy108@example.org,9272684373
JS00109,Sneha Das,62.0,Tamil Nadu,Rural Development,1020868.62,12,2026-07-18,sneha.das109@example.org,9139403247
JS00110,Kavya Reddy,38.0,Karnataka,Rural Development,244608.67,24,2026-02-18,kavya.reddy110@example.org,9652543518
JS00111,Aarav Nair,47.0,Tamil Nadu,Health,346367.21,11,2026-05-26,aarav.nair111@example.org,9771527524
JS00112,Kavya Sharma,31.0,Karnataka,Transport,266038.79,9,2026-03-25,kavya.sharma112@example.org,9849740261
JS00113,Kavya Reddy,19.0,Maharashtra,Education,1087891.61,9,2026-07-19,kavya.reddy113@example.org,9114682844
JS00114,Rohan Das,23.0,Telangana,Health,735256.01,3,2025-06-07,rohan.das114@example.org,9635126623
JS00115,Arjun Nair,63.0,Karnataka,Social Welfare,1265308.0,15,2025-09-07,arjun.nair115@example.org,9590470737
JS00116,Rohan Kumar,42.0,Telangana,Transport,801702.07,4,2025-03-13,rohan.kumar116@example.org,9396618390
JS00117,Vikram Rao,68.0,Maharashtra,Rural Development,1245180.25,9,2025-11-02,vikram.rao117@example.org,9999232921
JS00118,Meera Gupta,60.0,Tamil Nadu,Education,714097.3,15,2025-12-20,meera.gupta118@example.org,9456954682
JS00119,Rohan Nair,42.0,Tamil Nadu,Rural Development,1314834.39,22,2025-09-02,rohan.nair119@example.org,9713963047
JS00120,Vikram Patel,72.0,Tamil Nadu,Health,531810.38,15,2026-01-26,vikram.patel120@example.org,9514548900
JS00121,Rahul Verma,20.0,Andhra Pradesh,Transport,1450802.1,10,2025-04-13,rahul.verma121@example.org,9572775194
JS00122,Ananya Nair,47.0,Andhra Pradesh,Education,662169.64,20,2025-06-08,ananya.nair122@example.org,9180346223
JS00123,Kavya Singh,39.0,Maharashtra,Social Welfare,1002768.05,10,2026-07-01,kavya.singh123@example.org,9508031980
JS00124,Sneha Verma,73.0,Maharashtra,Health,956792.44,7,2025-10-22,sneha.verma124@example.org,9344261532
JS00125,Ananya Das,24.0,Andhra Pradesh,Social Welfare,316238.0,9,2025-01-30,ananya.das125@example.org,9149382425
JS00126,Sneha Sharma,36.0,Karnataka,Rural Development,691575.24,7,2026-06-28,sneha.sharma126@example.org,9542437192
JS00127,Meera Kumar,28.0,Telangana,Health,945478.34,12,2025-09-04,meera.kumar127@example.org,9634366139
JS00128,Meera Kumar,32.0,Tamil Nadu,Rural Development,732590.11,21,2025-01-10,meera.kumar128@example.org,9963968184
JS00129,Kavya Singh,61.0,Maharashtra,Education,184883.9,11,2025-11-03,kavya.singh129@example.org,9786055206
JS00130,Vikram Singh,47.0,Karnataka,Education,1499110.46,15,2025-04-20,vikram.singh130@example.org,9354697684
JS00131,Vikram Gupta,40.0,Maharashtra,Rural Development,1489622.7,9,2025-01-23,vikram.gupta131@example.org,9991246046
JS00132,Vikram Singh,18.0,Maharashtra,Health,1373076.07,23,2026-05-24,vikram.singh132@example.org,9994253959
JS00133,Arjun Patel,56.0,Karnataka,Education,983997.39,19,2025-09-14,arjun.patel133@example.org,9827744047
JS00134,Rahul Reddy,75.0,Andhra Pradesh,Rural Development,1199826.89,1,2026-08-17,rahul.reddy134@example.org,9491766764
JS00135,Rahul Reddy,36.0,Karnataka,Social Welfare,329408.9,4,2026-07-07,rahul.reddy135@example.org,9492836532
JS00136,Rohan Nair,35.0,Telangana,Rural Development,1377949.51,15,2025-10-30,rohan.nair136@example.org,9901611993
JS00137,Sneha Reddy,47.0,Andhra Pradesh,Education,1150895.12,7,2026-02-11,sneha.reddy137@example.org,9963919401
JS00138,Rohan Rao,23.0,Tamil Nadu,Health,455531.18,3,2026-04-11,rohan.rao138@example.org,9495765839
JS00139,Arjun Gupta,42.0,Karnataka,Health,1038267.91,15,2025-01-26,arjun.gupta139@example.org,9765233376
JS00140,Rohan Rao,57.0,Telangana,Health,982273.57,14,2025-11-06,rohan.rao140@example.org,9797115550
JS00141,Vikram Reddy,26.0,Andhra Pradesh,Health,512197.71,15,2025-04-29,vikram.reddy141@example.org,9204359116
JS00142,Priya Nair,26.0,Tamil Nadu,Social Welfare,606836.35,23,2026-07-08,priya.nair142@example.org,9550033924
JS00143,Meera Kumar,74.0,Tamil Nadu,Health,1263844.18,19,2026-02-22,meera.kumar143@example.org,9400368694
JS00144,Aarav Rao,31.0,Tamil Nadu,Social Welfare,1429788.34,11,2025-04-12,aarav.rao144@example.org,9836243579
JS00145,Sneha Nair,75.0,Karnataka,Health,645358.29,6,2025-05-06,sneha.nair145@example.org,9984968439
JS00146,Kavya Reddy,60.0,Telangana,Transport,1458952.5,1,2025-12-08,kavya.reddy146@example.org,9361530104
JS00147,Rahul Gupta,31.0,Andhra Pradesh,Transport,374163.47,6,2025-08-27,rahul.gupta147@example.org,9452788129
JS00148,Rahul Gupta,18.0,Karnataka,Education,1482288.77,17,2025-09-14,rahul.gupta148@example.org,9957397689
JS00149,Rahul Reddy,60.0,Andhra Pradesh,Education,101101.66,25,2025-09-01,rahul.reddy149@example.org,9732276010
JS00150,Sneha Sharma,29.0,Karnataka,Health,259997.13,13,2026-06-23,sneha.sharma150@example.org,9222030010
JS00151,Ananya Verma,46.0,Karnataka,Transport,923005.75,14,2026-05-31,ananya.verma151@example.org,9337887233
JS00152,Meera Sharma,64.0,Maharashtra,Rural Development,730420.38,0,2025-03-04,meera.sharma152@example.org,9614302907
JS00153,Vikram Das,61.0,Andhra Pradesh,Social Welfare,1091609.87,14,2025-03-17,vikram.das153@example.org,9186748119
JS00154,Sneha Gupta,27.0,Andhra Pradesh,Education,470522.72,20,2026-08-23,sneha.gupta154@example.org,9688793237
JS00155,Sneha Das,56.0,Maharashtra,Rural Development,724275.89,19,2026-03-17,sneha.das155@example.org,9206492059
JS00156,Ananya Nair,64.0,Telangana,Social Welfare,721207.98,7,2026-02-28,ananya.nair156@example.org,9463925049
JS00157,Kavya Das,44.0,Andhra Pradesh,Rural Development,686004.89,21,2025-09-19,kavya.das157@example.org,9501902658
JS00158,Rahul Verma,22.0,Andhra Pradesh,Health,212386.74,3,2026-01-17,rahul.verma158@example.org,9971630639
JS00159,Rahul Nair,21.0,Maharashtra,Transport,877590.4,21,2025-05-06,rahul.nair159@example.org,9541102414
JS00160,Sneha Das,73.0,Andhra Pradesh,Rural Development,932582.33,11,2025-04-17,sneha.das160@example.org,9720535283
JS00161,Rohan Patel,27.0,Tamil Nadu,Education,1283130.28,11,2026-07-24,rohan.patel161@example.org,9494665673
JS00162,Ananya Singh,54.0,Telangana,Social Welfare,1280120.33,24,2026-07-25,ananya.singh162@example.org,9128189836
JS00163,Meera Singh,19.0,Telangana,Rural Development,1077832.26,9,2025-12-14,meera.singh163@example.org,9476908532
JS00164,Aarav Kumar,73.0,Telangana,Transport,1013429.38,2,2025-05-26,aarav.kumar164@example.org,9895609471
JS00165,Aarav Reddy,65.0,Maharashtra,Education,614196.06,14,2025-12-16,aarav.reddy165@example.org,9269016920
JS00166,Sneha Singh,64.0,Karnataka,Transport,926637.76,1,2025-06-09,sneha.singh166@example.org,9269017588
JS00167,Meera Sharma,61.0,Andhra Pradesh,Rural Development,709220.42,13,2026-05-13,meera.sharma167@example.org,9751842899
JS00168,Kavya Das,35.0,Telangana,Transport,241620.86,13,2025-04-24,kavya.das168@example.org,9404133583
JS00169,Meera Verma,51.0,Karnataka,Health,393136.18,19,2025-02-26,meera.verma169@example.org,9108253947
JS00170,Priya Singh,31.0,Telangana,Rural Development,491014.93,3,2025-01-08,priya.singh170@example.org,9634063428
JS00171,Vikram Kumar,26.0,Tamil Nadu,Transport,1079213.19,16,2026-07-27,vikram.kumar171@example.org,9994807263
JS00172,Sneha Reddy,43.0,Andhra Pradesh,Social Welfare,106612.98,2,2025-11-17,sneha.reddy172@example.org,9718216692
JS00173,Vikram Gupta,43.0,Tamil Nadu,Rural Development,243546.19,0,2025-11-29,vikram.gupta173@example.org,9284547422
JS00174,Meera Verma,71.0,Karnataka,Health,700130.73,3,2025-09-07,meera.verma174@example.org,9567804106
JS00175,Meera Das,51.0,Andhra Pradesh,Social Welfare,1316144.67,23,2025-12-14,meera.das175@example.org,9337911187
JS00176,Sneha Kumar,22.0,Maharashtra,Health,833458.85,6,2025-12-24,sneha.kumar176@example.org,9476990466
JS00177,Rahul Patel,24.0,Telangana,Rural Development,360125.96,19,2025-06-06,rahul.patel177@example.org,9916274954
JS00178,Ananya Kumar,67.0,Tamil Nadu,Social Welfare,1151313.07,24,2026-08-17,ananya.kumar178@example.org,9582008349
JS00179,Meera Gupta,38.0,Karnataka,Education,704463.2,15,2026-03-29,meera.gupta179@example.org,9777944609
JS00180,Arjun Singh,55.0,Andhra Pradesh,Rural Development,800418.38,9,2026-04-18,arjun.singh180@example.org,9585238820
JS00181,Aarav Sharma,41.0,Karnataka,Health,995426.39,2,2026-06-04,aarav.sharma181@example.org,9512834919
JS00182,Kavya Gupta,53.0,Andhra Pradesh,Social Welfare,1370850.94,18,2025-07-12,kavya.gupta182@example.org,9445236735
JS00183,Meera Verma,50.0,Telangana,Health,719742.81,25,2025-12-18,meera.verma183@example.org,9866990485
JS00184,Ananya Nair,59.0,Telangana,Health,431796.09,14,2026-03-26,ananya.nair184@example.org,9662714327
JS00185,Rohan Gupta,28.0,Karnataka,Rural Development,1383470.24,12,2026-02-23,rohan.gupta185@example.org,9931575232
JS00186,Sneha Gupta,21.0,Karnataka,Health,548160.87,17,2026-01-31,sneha.gupta186@example.org,9405100495
JS00187,Arjun Gupta,73.0,Telangana,Rural Development,195732.82,21,2025-05-25,arjun.gupta187@example.org,9475617211
JS00188,Arjun Das,26.0,Maharashtra,Health,519606.28,12,2025-12-03,arjun.das188@example.org,9973150512
JS00189,Rahul Nair,23.0,Tamil Nadu,Transport,593795.9,11,2025-11-13,rahul.nair189@example.org,9293555835
JS00190,Priya Rao,67.0,Tamil Nadu,Education,401691.13,4,2025-06-08,priya.rao190@example.org,9182855381
JS00191,Arjun Reddy,50.0,Maharashtra,Transport,133601.44,10,2025-05-15,arjun.reddy191@example.org,9741288486
JS00192,Vikram Kumar,28.0,Telangana,Transport,1228842.08,5,2026-03-25,vikram.kumar192@example.org,9146914391
JS00193,Vikram Rao,61.0,Telangana,Social Welfare,947045.5,24,2026-04-05,vikram.rao193@example.org,9351258749
JS00194,Rohan Patel,37.0,Tamil Nadu,Education,602334.16,18,2026-03-28,rohan.patel194@example.org,9595725097
JS00195,Arjun Das,50.0,Maharashtra,Social Welfare,1452100.78,6,2025-05-22,arjun.das195@example.org,9368438908
JS00196,Aarav Verma,73.0,Karnataka,Transport,1406696.85,22,2026-06-13,aarav.verma196@example.org,9233871736
JS00197,Arjun Reddy,66.0,Telangana,Rural Development,718033.29,16,2025-05-31,arjun.reddy197@example.org,9992329618
JS00198,Vikram Reddy,32.0,Tamil Nadu,Rural Development,1401270.14,13,2025-02-24,vikram.reddy198@example.org,9525689202
JS00199,Rohan Rao,33.0,Tamil Nadu,Health,612376.0,0,2025-11-23,rohan.rao199@example.org,9206389694
JS00200,Sneha Kumar,26.0,Andhra Pradesh,Rural Development,,15,2025-05-23,sneha.kumar200@example.org,9914799481
JS00201,Kavya Verma,57.0,Andhra Pradesh,Health,106985.52,6,2025-06-03,kavya.verma201@example.org,9689274064
JS00202,Meera Nair,45.0,Andhra Pradesh,Rural Development,417449.12,3,2025-02-18,meera.nair202@example.org,9356022467
JS00203,Vikram Gupta,47.0,Andhra Pradesh,Health,1268096.56,15,2026-07-03,vikram.gupta203@example.org,9117647321
JS00204,Rohan Gupta,33.0,Telangana,Rural Development,689519.23,19,2025-12-28,rohan.gupta204@example.org,9358303887
JS00205,Meera Das,29.0,Andhra Pradesh,Transport,1464009.38,2,2026-06-23,meera.das205@example.org,9684203557
JS00206,Rohan Nair,53.0,Andhra Pradesh,Social Welfare,1320130.64,1,2026-02-01,rohan.nair206@example.org,9500830389
JS00207,Arjun Sharma,40.0,Andhra Pradesh,Rural Development,422398.81,21,2025-04-17,arjun.sharma207@example.org,9928393291
JS00208,Meera Rao,26.0,Andhra Pradesh,Rural Development,855339.52,20,2025-06-29,meera.rao208@example.org,9991617660
JS00209,Kavya Verma,58.0,Telangana,Education,169602.76,24,2026-04-14,kavya.verma209@example.org,9139711044
JS00210,Arjun Patel,20.0,Telangana,Health,528146.06,9,2026-06-12,arjun.patel210@example.org,9527589822
JS00211,Rohan Verma,34.0,Andhra Pradesh,Education,486277.47,24,2025-02-18,rohan.verma211@example.org,9804086195
JS00212,Sneha Singh,25.0,Karnataka,Social Welfare,1343070.85,23,2026-03-27,sneha.singh212@example.org,9515156661
JS00213,Sneha Kumar,49.0,Tamil Nadu,Rural Development,1392520.86,16,2025-10-01,sneha.kumar213@example.org,9960226208
JS00214,Ananya Das,23.0,Tamil Nadu,Transport,1493039.39,5,2026-07-13,ananya.das214@example.org,9415429295
JS00215,Sneha Reddy,23.0,Karnataka,Rural Development,515224.12,19,2026-03-13,sneha.reddy215@example.org,9278933456
JS00216,Kavya Rao,46.0,Andhra Pradesh,Rural Development,953089.1,13,2025-10-09,kavya.rao216@example.org,9786624943
JS00217,Aarav Reddy,60.0,Tamil Nadu,Rural Development,808582.15,23,2025-06-13,aarav.reddy217@example.org,9133436988
JS00218,Rahul Gupta,61.0,Tamil Nadu,Health,259246.63,7,2026-01-11,rahul.gupta218@example.org,9488856231
JS00219,Vikram Gupta,20.0,Maharashtra,Education,1044268.12,11,2026-01-16,vikram.gupta219@example.org,9576676179
JS00220,Ananya Gupta,26.0,Maharashtra,Rural Development,645208.35,20,2025-10-13,ananya.gupta220@example.org,9368018471
JS00221,Ananya Sharma,65.0,Telangana,Social Welfare,815198.29,17,2025-05-01,ananya.sharma221@example.org,9381080560
JS00222,Arjun Verma,31.0,Maharashtra,Rural Development,1065452.51,15,2025-07-24,arjun.verma222@example.org,9231680929
JS00223,Rahul Reddy,46.0,Telangana,Social Welfare,1496112.61,25,2025-11-24,rahul.reddy223@example.org,9817087513
JS00224,Sneha Reddy,53.0,Maharashtra,Rural Development,1345690.99,5,2025-06-28,sneha.reddy224@example.org,9952225000
JS00225,Sneha Nair,32.0,Andhra Pradesh,Education,1204733.26,7,2026-05-21,sneha.nair225@example.org,9128222260
JS00226,Sneha Nair,54.0,Karnataka,Social Welfare,1221199.65,17,2025-05-13,sneha.nair226@example.org,9757074545
JS00227,Ananya Reddy,37.0,Tamil Nadu,Social Welfare,826487.83,24,2026-02-24,ananya.reddy227@example.org,9984053945
JS00228,Meera Reddy,26.0,Karnataka,Health,718963.78,21,2026-06-14,meera.reddy228@example.org,9469919929
JS00229,Rahul Nair,58.0,Maharashtra,Education,1170249.93,4,2026-03-20,rahul.nair229@example.org,9639945876
JS00230,Aarav Reddy,51.0,Telangana,Rural Development,313813.05,10,2025-08-19,aarav.reddy230@example.org,9471539452
JS00231,Rohan Singh,72.0,Andhra Pradesh,Rural Development,358748.73,17,2025-10-09,rohan.singh231@example.org,9234400576
JS00232,Arjun Gupta,52.0,Andhra Pradesh,Transport,990202.15,18,2026-08-18,,9265564833
JS00233,Rahul Gupta,64.0,Maharashtra,Rural Development,1276392.61,18,2025-02-12,rahul.gupta233@example.org,9986090690
JS00234,Aarav Reddy,20.0,Maharashtra,Rural Development,1004604.57,24,2026-08-09,aarav.reddy234@example.org,9547306651
JS00235,Meera Sharma,49.0,Maharashtra,Rural Development,991508.35,9,2026-05-10,meera.sharma235@example.org,9362935648
JS00236,Vikram Singh,47.0,Andhra Pradesh,Health,304474.23,13,2026-05-11,vikram.singh236@example.org,9598690974
JS00237,Priya Rao,56.0,Telangana,Rural Development,1303308.81,10,2025-12-20,priya.rao237@example.org,9528118701
JS00238,Rahul Rao,50.0,Maharashtra,Health,533144.56,14,2025-05-06,rahul.rao238@example.org,9387195524
JS00239,Kavya Patel,27.0,Andhra Pradesh,Health,492101.05,12,2026-03-05,kavya.patel239@example.org,9366578178
JS00240,Rahul Rao,54.0,Karnataka,Education,1163632.35,15,2026-06-12,rahul.rao240@example.org,9601238919
JS00241,Kavya Singh,49.0,Andhra Pradesh,Health,1422230.58,16,2026-04-14,kavya.singh241@example.org,9358480413
JS00242,Priya Gupta,40.0,Andhra Pradesh,Health,479526.0,19,2026-04-27,priya.gupta242@example.org,9406819991
JS00243,Rohan Sharma,72.0,Andhra Pradesh,Social Welfare,270187.62,8,2026-01-10,rohan.sharma243@example.org,9920184955
JS00244,Vikram Rao,20.0,Tamil Nadu,Health,889799.93,6,2026-01-07,vikram.rao244@example.org,9694018597
JS00245,Arjun Reddy,42.0,Maharashtra,Social Welfare,1165453.84,8,2025-05-02,arjun.reddy245@example.org,9238151258
JS00246,Ananya Das,41.0,Karnataka,Transport,1413306.97,24,2025-05-28,ananya.das246@example.org,9313736772
JS00247,Meera Nair,43.0,Maharashtra,Health,144330.76,4,2025-12-08,meera.nair247@example.org,9963251765
JS00248,Kavya Nair,47.0,Telangana,Transport,1348247.0,4,2025-12-02,kavya.nair248@example.org,9758276886
JS00249,Sneha Kumar,43.0,Maharashtra,Rural Development,923089.01,16,2026-06-06,sneha.kumar249@example.org,9671595541
JS00250,Kavya Gupta,37.0,Tamil Nadu,Health,603068.09,21,2025-04-23,kavya.gupta250@example.org,9547256709
JS00251,Meera Singh,68.0,Andhra Pradesh,Transport,753918.1,20,2026-08-16,meera.singh251@example.org,9720230209
JS00252,Priya Sharma,55.0,Tamil Nadu,Education,824409.91,23,2026-01-25,priya.sharma252@example.org,9258672959
JS00253,Priya Sharma,54.0,Andhra Pradesh,Education,106891.06,10,2026-03-05,priya.sharma253@example.org,9262598077
JS00254,Vikram Patel,44.0,Maharashtra,Transport,1387139.75,23,2025-03-05,vikram.patel254@example.org,9857820386
JS00255,Rahul Nair,31.0,Maharashtra,Rural Development,1497334.47,15,2026-06-23,rahul.nair255@example.org,9504612520
JS00256,Sneha Kumar,47.0,Maharashtra,Rural Development,855707.97,21,2025-09-28,sneha.kumar256@example.org,9755064741
JS00257,Kavya Patel,33.0,Karnataka,Transport,503868.81,9,2025-10-23,kavya.patel257@example.org,9856881618
JS00258,Priya Verma,38.0,Tamil Nadu,Rural Development,875892.38,25,2025-10-08,priya.verma258@example.org,9409011489
JS00259,Ananya Gupta,61.0,Maharashtra,Social Welfare,1351979.86,12,2025-12-20,ananya.gupta259@example.org,9930071496
JS00260,Rahul Singh,20.0,Karnataka,Health,571836.19,14,2025-09-20,rahul.singh260@example.org,9902448600
JS00261,Kavya Patel,30.0,Maharashtra,Rural Development,1404893.99,22,2025-10-06,kavya.patel261@example.org,9247395716
JS00262,Ananya Gupta,65.0,Maharashtra,Education,424290.41,21,2026-06-28,ananya.gupta262@example.org,9342313086
JS00263,Priya Sharma,24.0,Tamil Nadu,Rural Development,1098648.44,3,2025-05-21,priya.sharma263@example.org,9105563528
JS00264,Rohan Kumar,44.0,Tamil Nadu,Social Welfare,1003764.94,24,2025-10-22,rohan.kumar264@example.org,9444851196
JS00265,Arjun Sharma,67.0,Andhra Pradesh,Transport,409752.68,23,2025-02-08,arjun.sharma265@example.org,9287974375
JS00266,Vikram Kumar,20.0,Tamil Nadu,Social Welfare,344562.52,23,2025-10-24,vikram.kumar266@example.org,9140229006
JS00267,Aarav Singh,54.0,Maharashtra,Health,1398405.88,10,2025-10-19,aarav.singh267@example.org,9587853601
JS00268,Rohan Nair,49.0,Telangana,Transport,744589.49,6,2025-04-26,rohan.nair268@example.org,9455069350
JS00269,Rahul Verma,59.0,Karnataka,Education,99999.56,10,2025-10-30,rahul.verma269@example.org,9709650444
JS00270,Priya Kumar,57.0,Tamil Nadu,Social Welfare,811698.54,2,2026-02-15,priya.kumar270@example.org,9818608005
JS00271,Ananya Kumar,26.0,Tamil Nadu,Rural Development,1408872.05,0,2025-09-25,ananya.kumar271@example.org,9511859868
JS00272,Priya Verma,66.0,Karnataka,Rural Development,508763.09,23,2026-08-10,priya.verma272@example.org,9112279027
JS00273,Arjun Rao,62.0,Telangana,Health,1028256.28,14,2025-11-11,arjun.rao273@example.org,9271494637
JS00274,Vikram Nair,75.0,Karnataka,Health,986970.08,9,2026-01-12,vikram.nair274@example.org,9759949050
JS00275,Priya Patel,26.0,Tamil Nadu,Education,726069.72,19,2026-01-18,priya.patel275@example.org,9546510829
JS00276,Rohan Verma,66.0,Maharashtra,Education,1161840.66,21,2025-03-25,,9664258474
JS00277,Kavya Nair,63.0,Karnataka,Health,1382487.48,3,2025-03-05,kavya.nair277@example.org,9989889367
JS00278,Rohan Nair,30.0,Maharashtra,Transport,292790.38,10,2026-06-17,rohan.nair278@example.org,9574422684
JS00279,Ananya Patel,63.0,Maharashtra,Social Welfare,209137.14,16,2026-04-02,ananya.patel279@example.org,9968326513
JS00280,Aarav Verma,26.0,Maharashtra,Social Welfare,728653.84,1,2026-07-27,aarav.verma280@example.org,9596474925
JS00281,Arjun Sharma,43.0,Karnataka,Health,1139042.37,18,2025-03-16,arjun.sharma281@example.org,9148629555
JS00282,Vikram Rao,62.0,Andhra Pradesh,Transport,1491655.6,2,2026-04-29,vikram.rao282@example.org,9134075063
JS00283,Arjun Das,29.0,Telangana,Social Welfare,611734.51,12,2026-04-05,arjun.das283@example.org,9505333621
JS00284,Vikram Reddy,61.0,Maharashtra,Education,1008018.42,11,2025-05-02,vikram.reddy284@example.org,9291634595
JS00285,Rohan Das,51.0,Telangana,Education,1265446.69,24,2025-01-24,rohan.das285@example.org,9420364823
JS00286,Kavya Nair,45.0,Maharashtra,Social Welfare,1249171.82,7,2026-04-17,kavya.nair286@example.org,9471686188
JS00287,Rahul Singh,30.0,Andhra Pradesh,Health,1229459.02,13,2025-01-17,rahul.singh287@example.org,9358413465
JS00288,Priya Reddy,24.0,Maharashtra,Health,713946.31,21,2025-02-19,priya.reddy288@example.org,9362781292
JS00289,Aarav Das,46.0,Telangana,Transport,388522.28,24,2025-02-27,aarav.das289@example.org,9250469429
JS00290,Rohan Singh,32.0,Maharashtra,Rural Development,900014.24,24,2025-11-25,rohan.singh290@example.org,9354373770
JS00291,Arjun Kumar,60.0,Maharashtra,Education,667255.49,8,2025-03-04,arjun.kumar291@example.org,9697771523
JS00292,Meera Kumar,58.0,Tamil Nadu,Transport,783781.52,11,2026-01-26,meera.kumar292@example.org,9943751263
JS00293,Rohan Rao,62.0,Tamil Nadu,Social Welfare,291889.0,12,2025-07-08,rohan.rao293@example.org,9910048118
JS00294,Rohan Verma,33.0,Telangana,Rural Development,1297708.56,4,2026-04-20,rohan.verma294@example.org,9161873231
JS00295,Rohan Das,44.0,Maharashtra,Transport,270411.71,7,2025-09-19,rohan.das295@example.org,9318331154
JS00296,Sneha Reddy,46.0,Karnataka,Health,840602.46,6,2025-02-22,sneha.reddy296@example.org,9388258432
JS00297,Vikram Gupta,56.0,Andhra Pradesh,Health,347191.88,24,2026-07-27,vikram.gupta297@example.org,9333019716
JS00298,Kavya Patel,73.0,Karnataka,Rural Development,1438968.06,0,2025-08-05,kavya.patel298@example.org,9304036387
JS00299,Ananya Verma,33.0,Maharashtra,Education,643217.52,7,2026-07-20,ananya.verma299@example.org,9445331485
JS00300,Arjun Das,47.0,Maharashtra,Rural Development,517959.64,11,2026-06-10,arjun.das300@example.org,9633947427
JS00301,Kavya Reddy,69.0,Tamil Nadu,Rural Development,1378349.31,11,2025-11-17,kavya.reddy301@example.org,9544454140
JS00302,Aarav Gupta,73.0,Telangana,Education,103032.26,17,2026-08-22,aarav.gupta302@example.org,9721849977
JS00303,Vikram Singh,27.0,Telangana,Rural Development,406626.45,18,2025-09-09,vikram.singh303@example.org,9636120880
JS00304,Rohan Rao,34.0,Tamil Nadu,Social Welfare,734377.18,23,2025-12-27,rohan.rao304@example.org,9281747678
JS00305,Rahul Nair,49.0,Telangana,Transport,1486259.43,1,2026-06-21,rahul.nair305@example.org,9136317983
JS00306,Ananya Sharma,66.0,Andhra Pradesh,Social Welfare,275237.97,20,2025-08-25,ananya.sharma306@example.org,9172980019
JS00307,Rahul Sharma,31.0,Maharashtra,Social Welfare,609944.98,19,2026-05-10,rahul.sharma307@example.org,9807901168
JS00308,Kavya Sharma,18.0,Maharashtra,Transport,664100.68,0,2026-06-27,kavya.sharma308@example.org,9875448533
JS00309,Arjun Nair,36.0,Andhra Pradesh,Transport,1234683.25,21,2026-03-17,arjun.nair309@example.org,9965615974
JS00310,Rahul Reddy,24.0,Maharashtra,Education,422175.74,19,2026-06-24,rahul.reddy310@example.org,9371031968
JS00311,Sneha Singh,68.0,Tamil Nadu,Health,609733.25,12,2026-04-16,sneha.singh311@example.org,9706666479
JS00312,Priya Patel,37.0,Andhra Pradesh,Health,212770.72,12,2026-01-22,priya.patel312@example.org,9693458652
JS00313,Kavya Sharma,58.0,Andhra Pradesh,Education,197414.29,13,2025-12-06,kavya.sharma313@example.org,9707583925
JS00314,Ananya Nair,20.0,Telangana,Education,1359807.6,22,2026-08-04,ananya.nair314@example.org,9610564546
JS00315,Arjun Sharma,22.0,Karnataka,Transport,880184.01,1,2025-07-03,arjun.sharma315@example.org,9437675369
JS00316,Aarav Patel,55.0,Telangana,Social Welfare,1399002.42,9,2025-06-16,aarav.patel316@example.org,9705545509
JS00317,Priya Gupta,71.0,Tamil Nadu,Transport,551056.37,24,2025-05-24,priya.gupta317@example.org,9948790854
JS00318,Ananya Nair,65.0,Karnataka,Health,218713.82,7,2025-03-19,ananya.nair318@example.org,9465708674
JS00319,Meera Gupta,56.0,Tamil Nadu,Rural Development,122068.44,8,2026-04-07,meera.gupta319@example.org,9626781451
JS00320,Priya Rao,53.0,Tamil Nadu,Social Welfare,343747.74,18,2026-01-25,priya.rao320@example.org,9192013357
JS00321,Meera Singh,69.0,Telangana,Health,196493.97,4,2026-01-25,meera.singh321@example.org,9864157523
JS00322,Rahul Das,38.0,Karnataka,Health,209959.01,9,2026-04-01,rahul.das322@example.org,9486458467
JS00323,Arjun Reddy,26.0,Andhra Pradesh,Education,691990.91,17,2026-07-23,arjun.reddy323@example.org,9650229169
JS00324,Vikram Reddy,19.0,Andhra Pradesh,Rural Development,866992.12,19,2025-11-29,vikram.reddy324@example.org,9513646070
JS00325,Aarav Singh,44.0,Tamil Nadu,Health,1109278.26,17,2025-09-06,aarav.singh325@example.org,9714137833
JS00326,Rohan Kumar,61.0,Tamil Nadu,Education,277152.88,9,2025-10-02,rohan.kumar326@example.org,9629487801
JS00327,Rahul Reddy,28.0,Tamil Nadu,Rural Development,677965.32,15,2025-03-20,rahul.reddy327@example.org,9487754927
JS00328,Arjun Patel,64.0,Tamil Nadu,Transport,955669.68,14,2025-04-20,arjun.patel328@example.org,9245480775
JS00329,Arjun Sharma,43.0,Karnataka,Transport,619443.74,10,2026-03-27,arjun.sharma329@example.org,9459420281
JS00330,Vikram Gupta,26.0,Karnataka,Rural Development,936560.0,22,2025-07-25,vikram.gupta330@example.org,9614332794
JS00331,Sneha Kumar,43.0,Karnataka,Rural Development,1123521.6,20,2026-05-18,sneha.kumar331@example.org,9718345671
JS00332,Priya Rao,42.0,Karnataka,Social Welfare,598322.06,18,2025-07-24,priya.rao332@example.org,9735898931
JS00333,Rohan Kumar,61.0,Maharashtra,Health,1433266.55,14,2025-08-03,rohan.kumar333@example.org,9570787423
JS00334,Arjun Reddy,70.0,Tamil Nadu,Social Welfare,277634.35,9,2025-09-05,arjun.reddy334@example.org,9371314895
JS00335,Rahul Das,68.0,Tamil Nadu,Health,717674.74,19,2026-05-06,rahul.das335@example.org,9725179752
JS00336,Vikram Nair,50.0,Tamil Nadu,Transport,132206.53,11,2026-07-04,vikram.nair336@example.org,9737609304
JS00337,Ananya Reddy,67.0,Telangana,Rural Development,316200.66,19,2025-02-15,ananya.reddy337@example.org,9704753177
JS00338,Vikram Rao,68.0,Tamil Nadu,Health,94977.84,8,2025-08-16,vikram.rao338@example.org,9648334433
JS00339,Rohan Nair,55.0,Maharashtra,Education,713005.54,12,2026-04-20,rohan.nair339@example.org,9929296154
JS00340,Meera Nair,27.0,Karnataka,Health,765534.94,9,2026-03-02,meera.nair340@example.org,9192185888
JS00341,Ananya Kumar,40.0,Karnataka,Rural Development,726572.34,6,2026-06-18,ananya.kumar341@example.org,9618537844
JS00342,Sneha Verma,24.0,Tamil Nadu,Social Welfare,532851.45,9,2025-02-15,sneha.verma342@example.org,9969930526
JS00343,Ananya Sharma,72.0,Karnataka,Health,1041537.85,5,2025-09-07,ananya.sharma343@example.org,9654044237
JS00344,Rahul Nair,28.0,Karnataka,Transport,685444.52,14,2025-08-26,rahul.nair344@example.org,9956583753
JS00345,Vikram Kumar,29.0,Tamil Nadu,Social Welfare,121453.03,19,2025-07-22,vikram.kumar345@example.org,9582727494
JS00346,Meera Das,42.0,Andhra Pradesh,Education,372213.96,24,2025-03-06,meera.das346@example.org,9719922596
JS00347,Ananya Nair,29.0,Karnataka,Rural Development,359845.47,3,2025-09-26,ananya.nair347@example.org,9820160169
JS00348,Kavya Nair,58.0,Karnataka,Transport,631867.75,12,2025-04-27,kavya.nair348@example.org,9473581239
JS00349,Sneha Verma,57.0,Telangana,Rural Development,1384529.26,18,2025-03-28,sneha.verma349@example.org,9821672704
JS00350,Rahul Rao,25.0,Telangana,Rural Development,246067.44,11,2025-05-25,rahul.rao350@example.org,9648494024
JS00351,Vikram Das,56.0,Telangana,Transport,624868.15,5,2026-05-14,vikram.das351@example.org,9782364690
JS00352,Rohan Kumar,53.0,Telangana,Social Welfare,490145.38,5,2025-11-19,rohan.kumar352@example.org,9584258607
JS00353,Meera Sharma,73.0,Karnataka,Health,768144.67,6,2026-01-29,meera.sharma353@example.org,9702994164
JS00354,Rohan Verma,44.0,Tamil Nadu,Social Welfare,1088402.17,14,2026-05-16,rohan.verma354@example.org,9279587066
JS00355,Ananya Gupta,19.0,Telangana,Rural Development,126427.02,7,2026-07-05,ananya.gupta355@example.org,9409957384
JS00356,Rahul Verma,54.0,Tamil Nadu,Transport,805344.49,18,2025-04-27,rahul.verma356@example.org,9387643522
JS00357,Rohan Rao,52.0,Andhra Pradesh,Social Welfare,855821.65,13,2025-04-15,rohan.rao357@example.org,9890261845
JS00358,Priya Singh,73.0,Andhra Pradesh,Social Welfare,453197.62,2,2026-03-26,priya.singh358@example.org,9226042285
JS00359,Priya Patel,69.0,Maharashtra,Rural Development,1302689.15,19,2026-03-15,priya.patel359@example.org,9278221407
JS00360,Meera Kumar,68.0,Telangana,Education,1223725.5,18,2025-12-26,meera.kumar360@example.org,9671532152
JS00361,Arjun Gupta,52.0,Telangana,Rural Development,1470180.22,9,2025-10-24,arjun.gupta361@example.org,9714970148
JS00362,Arjun Nair,75.0,Andhra Pradesh,Education,1447136.23,25,2026-02-26,arjun.nair362@example.org,9163657733
JS00363,Arjun Kumar,62.0,Telangana,Education,287665.69,10,2025-09-11,arjun.kumar363@example.org,9917626034
JS00364,Vikram Verma,27.0,Maharashtra,Rural Development,971494.21,12,2026-04-08,vikram.verma364@example.org,9181084980
JS00365,Ananya Das,50.0,Karnataka,Rural Development,725667.82,15,2025-12-02,ananya.das365@example.org,9724870012
JS00366,Aarav Reddy,64.0,Tamil Nadu,Rural Development,1287150.86,25,2026-07-02,aarav.reddy366@example.org,9527044165
JS00367,Priya Das,70.0,Telangana,Social Welfare,461322.31,9,2025-12-12,priya.das367@example.org,9687670209
JS00368,Meera Kumar,54.0,Tamil Nadu,Rural Development,1349699.61,24,2025-02-19,meera.kumar368@example.org,9149330844
JS00369,Ananya Verma,19.0,Andhra Pradesh,Education,706626.05,0,2026-03-15,ananya.verma369@example.org,9317237515
JS00370,Rahul Singh,28.0,Karnataka,Health,1009514.91,8,2025-03-26,rahul.singh370@example.org,9499264207
JS00371,Rahul Sharma,43.0,Karnataka,Education,689507.94,2,2025-04-08,rahul.sharma371@example.org,9101166414
JS00372,Priya Verma,22.0,Telangana,Transport,401191.02,21,2026-04-01,priya.verma372@example.org,9109971784
JS00373,Aarav Rao,70.0,Andhra Pradesh,Social Welfare,1065524.02,15,2025-03-14,aarav.rao373@example.org,9345829826
JS00374,Vikram Reddy,64.0,Andhra Pradesh,Health,524959.1,9,2025-05-21,vikram.reddy374@example.org,9510943598
JS00375,Rahul Kumar,22.0,Maharashtra,Transport,92034.13,20,2025-06-18,rahul.kumar375@example.org,9572553155
JS00376,Sneha Patel,58.0,Telangana,Social Welfare,954827.94,14,2025-08-11,sneha.patel376@example.org,9193080561
JS00377,Ananya Kumar,66.0,Andhra Pradesh,Transport,1116612.99,11,2026-03-16,ananya.kumar377@example.org,9437695739
JS00378,Rahul Patel,35.0,Andhra Pradesh,Education,865823.22,19,2025-10-19,rahul.patel378@example.org,9936412291
JS00379,Aarav Singh,31.0,Maharashtra,Transport,803522.04,23,2026-02-06,aarav.singh379@example.org,9417335858
JS00380,Aarav Patel,49.0,Tamil Nadu,Health,422336.09,20,2025-03-14,aarav.patel380@example.org,9667243311
JS00381,Aarav Rao,38.0,Telangana,Social Welfare,1302355.89,18,2026-03-07,aarav.rao381@example.org,9492358645
JS00382,Rohan Kumar,66.0,Tamil Nadu,Health,103698.95,2,2025-01-15,rohan.kumar382@example.org,9381519299
JS00383,Priya Sharma,21.0,Tamil Nadu,Transport,486812.68,22,2026-05-29,priya.sharma383@example.org,9923678093
JS00384,Vikram Das,62.0,Tamil Nadu,Health,989562.95,17,2025-06-06,vikram.das384@example.org,9397928718
JS00385,Ananya Singh,23.0,Maharashtra,Education,1463525.01,4,2026-07-04,ananya.singh385@example.org,9450845460
JS00386,Vikram Gupta,58.0,Andhra Pradesh,Rural Development,1072119.75,23,2025-09-02,vikram.gupta386@example.org,9162176039
JS00387,Priya Reddy,45.0,Andhra Pradesh,Social Welfare,949461.45,1,2025-11-13,priya.reddy387@example.org,9815197502
JS00388,Rahul Reddy,18.0,Telangana,Health,312642.34,11,2026-06-20,rahul.reddy388@example.org,9655363795
JS00389,Arjun Kumar,41.0,Telangana,Rural Development,1120768.89,3,2025-01-31,arjun.kumar389@example.org,9459715348
JS00390,Vikram Singh,51.0,Andhra Pradesh,Rural Development,1091499.01,18,2025-03-20,vikram.singh390@example.org,9632734398
JS00391,Kavya Nair,41.0,Andhra Pradesh,Social Welfare,1300290.89,5,2026-01-12,kavya.nair391@example.org,
JS00392,Arjun Reddy,75.0,Maharashtra,Health,404334.28,16,2025-01-03,arjun.reddy392@example.org,9147285340
JS00393,Aarav Patel,20.0,Tamil Nadu,Rural Development,623830.85,4,2025-07-03,aarav.patel393@example.org,9137971349
JS00394,Rohan Das,32.0,Karnataka,Education,671084.37,23,2025-11-24,rohan.das394@example.org,9391261014
JS00395,Ananya Gupta,41.0,Andhra Pradesh,Transport,1036122.52,1,2025-07-03,ananya.gupta395@example.org,9339643129
JS00396,Rohan Sharma,43.0,Andhra Pradesh,Social Welfare,1309765.77,24,2025-11-15,rohan.sharma396@example.org,9451436694
JS00397,Ananya Nair,47.0,Andhra Pradesh,Rural Development,364953.04,18,2025-11-08,ananya.nair397@example.org,9894113665
JS00398,Meera Patel,47.0,Karnataka,Transport,1460038.0,24,2025-07-20,meera.patel398@example.org,9886476517
JS00399,Rohan Patel,27.0,Andhra Pradesh,Social Welfare,113952.56,17,2025-12-21,rohan.patel399@example.org,9782837348
JS00400,Aarav Rao,18.0,Tamil Nadu,Rural Development,227607.61,16,2025-09-01,aarav.rao400@example.org,9550773824
JS00401,Kavya Sharma,27.0,Karnataka,Health,142338.38,7,2026-06-17,kavya.sharma401@example.org,9543516366
JS00402,Sneha Verma,65.0,Andhra Pradesh,Transport,215719.35,4,2026-02-08,sneha.verma402@example.org,9180348617
JS00403,Meera Gupta,21.0,Tamil Nadu,Education,416215.86,8,2025-11-19,meera.gupta403@example.org,9959870518
JS00404,Vikram Rao,38.0,Tamil Nadu,Rural Development,411727.94,6,2025-05-20,vikram.rao404@example.org,9937450959
JS00405,Meera Reddy,27.0,Andhra Pradesh,Education,718384.78,10,2026-02-21,meera.reddy405@example.org,9229640083
JS00406,Rohan Rao,67.0,Telangana,Social Welfare,517796.96,8,2025-05-03,rohan.rao406@example.org,9197088689
JS00407,Rahul Singh,70.0,Maharashtra,Health,385329.52,10,2025-06-01,rahul.singh407@example.org,9197939109
JS00408,Priya Rao,43.0,Maharashtra,Health,1041600.4,8,2025-06-28,priya.rao408@example.org,9133374137
JS00409,Vikram Verma,53.0,Maharashtra,Education,214509.89,3,2025-05-24,vikram.verma409@example.org,9230409444
JS00410,Aarav Sharma,71.0,Telangana,Education,361348.91,12,2026-01-17,aarav.sharma410@example.org,9836893185
JS00411,Ananya Gupta,55.0,Karnataka,Health,110956.26,2,2025-07-22,ananya.gupta411@example.org,9793623149
JS00412,Kavya Kumar,23.0,Karnataka,Health,140628.77,14,2025-02-21,kavya.kumar412@example.org,9280377032
JS00413,Meera Das,70.0,Tamil Nadu,Social Welfare,121864.86,21,2026-03-13,meera.das413@example.org,9285550328
JS00414,Sneha Patel,29.0,Karnataka,Rural Development,713336.23,4,2025-02-05,sneha.patel414@example.org,9759391912
JS00415,Meera Gupta,33.0,Karnataka,Social Welfare,665028.93,17,2026-05-06,meera.gupta415@example.org,9165475776
JS00416,Ananya Singh,42.0,Telangana,Social Welfare,363230.09,25,2026-06-23,ananya.singh416@example.org,9367520363
JS00417,Rohan Sharma,42.0,Karnataka,Social Welfare,853215.28,15,2025-12-19,rohan.sharma417@example.org,9707363258
JS00418,Rohan Rao,42.0,Karnataka,Education,117009.41,19,2025-08-13,rohan.rao418@example.org,9131464348
JS00419,Arjun Sharma,69.0,Tamil Nadu,Transport,587554.71,18,2025-08-27,arjun.sharma419@example.org,9271395839
JS00420,Ananya Patel,60.0,Telangana,Rural Development,837839.18,25,2025-02-27,ananya.patel420@example.org,9920392140
JS00421,Priya Gupta,72.0,Tamil Nadu,Rural Development,1407992.57,5,2025-06-30,priya.gupta421@example.org,9353994846
JS00422,Meera Rao,69.0,Karnataka,Transport,120053.33,22,2025-12-27,meera.rao422@example.org,9709511014
JS00423,Meera Kumar,54.0,Telangana,Social Welfare,849816.93,5,2026-05-18,meera.kumar423@example.org,9140763261
JS00424,Ananya Sharma,32.0,Maharashtra,Education,108297.75,15,2025-01-01,ananya.sharma424@example.org,9456196659
JS00425,Meera Patel,69.0,Telangana,Rural Development,1098051.44,25,2025-11-28,meera.patel425@example.org,9163947730
JS00426,Aarav Kumar,55.0,Telangana,Health,1282002.86,11,2025-03-16,aarav.kumar426@example.org,9501140044
JS00427,Vikram Gupta,24.0,Karnataka,Rural Development,538096.55,5,2026-03-24,vikram.gupta427@example.org,9950234433
JS00428,Kavya Rao,29.0,Maharashtra,Transport,1197528.35,7,2025-06-29,kavya.rao428@example.org,9506286844
JS00429,Arjun Singh,26.0,Telangana,Health,1427279.11,18,2026-02-05,arjun.singh429@example.org,9927672827
JS00430,Meera Sharma,29.0,Maharashtra,Rural Development,1387874.27,19,2025-08-15,meera.sharma430@example.org,9786815488
JS00431,Meera Reddy,49.0,Telangana,Rural Development,1138387.53,7,2025-12-22,meera.reddy431@example.org,9443080569
JS00432,Rahul Reddy,70.0,Karnataka,Social Welfare,96181.78,6,2025-09-13,rahul.reddy432@example.org,9844292151
JS00433,Ananya Rao,34.0,Andhra Pradesh,Health,148369.39,14,2026-03-06,ananya.rao433@example.org,9278604541
JS00434,Vikram Verma,74.0,Tamil Nadu,Rural Development,855354.03,3,2026-05-06,vikram.verma434@example.org,9946892378
JS00435,Meera Patel,28.0,Tamil Nadu,Health,1214856.28,1,2025-10-29,meera.patel435@example.org,9121558591
JS00436,Sneha Singh,24.0,Andhra Pradesh,Rural Development,321549.39,12,2025-06-14,sneha.singh436@example.org,9885963005
JS00437,Ananya Nair,75.0,Andhra Pradesh,Rural Development,923523.37,19,2026-05-10,ananya.nair437@example.org,9856456108
JS00438,Aarav Das,59.0,Telangana,Transport,1343449.64,5,2025-02-24,aarav.das438@example.org,9208724746
JS00439,Sneha Patel,30.0,Tamil Nadu,Transport,1105294.11,23,2026-07-08,sneha.patel439@example.org,9384825874
JS00440,Arjun Singh,33.0,Andhra Pradesh,Health,637921.14,17,2026-05-18,arjun.singh440@example.org,9264915937
JS00441,Aarav Rao,18.0,Tamil Nadu,Health,498260.22,21,2026-05-07,aarav.rao441@example.org,9314399191
JS00442,Ananya Sharma,31.0,Telangana,Rural Development,1467421.93,15,2025-04-29,ananya.sharma442@example.org,9431091936
JS00443,Vikram Verma,49.0,Karnataka,Health,991450.26,12,2025-07-09,vikram.verma443@example.org,9498380251
JS00444,Vikram Rao,29.0,Tamil Nadu,Health,453880.27,14,2025-09-27,vikram.rao444@example.org,9342925794
JS00445,Arjun Gupta,21.0,Telangana,Health,201704.38,11,2026-07-09,arjun.gupta445@example.org,9544514776
JS00446,Meera Patel,53.0,Andhra Pradesh,Social Welfare,1242135.41,13,2026-07-03,meera.patel446@example.org,9837733572
JS00447,Kavya Gupta,74.0,Telangana,Social Welfare,504369.99,12,2025-02-05,kavya.gupta447@example.org,9639127345
JS00448,Meera Nair,69.0,Maharashtra,Transport,289375.67,24,2026-04-05,meera.nair448@example.org,9285627380
JS00449,Rahul Patel,69.0,Telangana,Education,140599.78,2,2026-03-22,rahul.patel449@example.org,9316809172
JS00450,Rahul Gupta,34.0,Karnataka,Health,203578.97,17,2026-02-11,rahul.gupta450@example.org,9692763677
JS00451,Sneha Singh,51.0,Tamil Nadu,Health,1196901.91,19,2026-06-20,sneha.singh451@example.org,9939328588
JS00452,Vikram Reddy,44.0,Telangana,Education,884563.38,18,2025-04-13,vikram.reddy452@example.org,9213424523
JS00453,Meera Reddy,68.0,Karnataka,Transport,1329792.81,13,2025-09-28,meera.reddy453@example.org,9511289794
JS00454,Kavya Gupta,56.0,Tamil Nadu,Health,324523.61,12,2025-05-28,kavya.gupta454@example.org,9763834967
JS00455,Meera Das,20.0,Tamil Nadu,Rural Development,1060529.53,1,2026-05-02,meera.das455@example.org,9388390253
JS00456,Sneha Sharma,39.0,,Rural Development,478092.25,15,2025-04-11,sneha.sharma456@example.org,9344767409
JS00457,Rahul Singh,65.0,Tamil Nadu,Rural Development,462576.37,13,2025-04-02,rahul.singh457@example.org,9301794412
JS00458,Kavya Patel,70.0,Tamil Nadu,Social Welfare,1158480.48,11,2025-02-27,kavya.patel458@example.org,9653266624
JS00459,Rahul Reddy,37.0,Maharashtra,Social Welfare,272622.75,16,2026-08-06,rahul.reddy459@example.org,9131082848
JS00460,Rahul Patel,74.0,Telangana,Health,434276.17,14,2025-02-21,rahul.patel460@example.org,9486949792
JS00461,Priya Singh,41.0,Tamil Nadu,Transport,643658.03,3,2025-02-01,priya.singh461@example.org,9359779054
JS00462,Sneha Verma,56.0,Tamil Nadu,Education,1443938.94,15,2026-08-24,sneha.verma462@example.org,9691990078
JS00463,Sneha Rao,28.0,Karnataka,Health,484798.51,12,2025-02-20,sneha.rao463@example.org,9274920492
JS00464,Meera Patel,72.0,Telangana,Education,1042327.25,8,2026-02-24,meera.patel464@example.org,9651131533
JS00465,Aarav Sharma,48.0,Telangana,Education,933621.57,0,2025-08-18,aarav.sharma465@example.org,9371002172
JS00466,Meera Singh,63.0,Karnataka,Social Welfare,1351585.82,11,2026-04-16,meera.singh466@example.org,9370581558
JS00467,Priya Verma,37.0,Maharashtra,Transport,643956.61,3,2025-01-08,priya.verma467@example.org,9649233665
JS00468,Sneha Nair,59.0,Maharashtra,Transport,481401.17,21,2025-04-21,sneha.nair468@example.org,9617262695
JS00469,Ananya Rao,35.0,Karnataka,Rural Development,450828.61,22,2025-11-02,ananya.rao469@example.org,9302250101
JS00470,Rahul Nair,66.0,Telangana,Health,1223710.35,25,2026-02-18,rahul.nair470@example.org,9809239039
JS00471,Sneha Kumar,64.0,Andhra Pradesh,Social Welfare,1496406.12,8,2026-03-05,sneha.kumar471@example.org,9534434754
JS00472,Vikram Sharma,55.0,Maharashtra,Education,567297.21,22,2025-08-16,vikram.sharma472@example.org,9836928463
JS00473,Rohan Verma,60.0,Karnataka,Transport,506276.66,5,2026-07-26,rohan.verma473@example.org,9294493146
JS00474,Arjun Reddy,48.0,Telangana,Rural Development,1109765.02,17,2025-07-07,arjun.reddy474@example.org,9829835592
JS00475,Sneha Reddy,32.0,Karnataka,Education,1136778.1,9,2026-03-07,sneha.reddy475@example.org,9946205663
JS00476,Sneha Rao,34.0,Maharashtra,Rural Development,738540.09,3,2026-04-27,sneha.rao476@example.org,9157635190
JS00477,Meera Gupta,57.0,Andhra Pradesh,Social Welfare,1342985.01,16,2025-05-03,meera.gupta477@example.org,9830893658
JS00478,Vikram Nair,37.0,Tamil Nadu,Health,1316605.79,4,2025-05-21,vikram.nair478@example.org,9315066828
JS00479,Sneha Das,54.0,Tamil Nadu,Education,529264.51,22,2025-07-04,sneha.das479@example.org,9936381727
JS00480,Ananya Verma,39.0,Telangana,Rural Development,980988.54,0,2026-04-08,ananya.verma480@example.org,9393698307
JS00481,Priya Kumar,54.0,Telangana,Health,1194999.49,24,2025-04-01,priya.kumar481@example.org,9238948590
JS00482,Meera Das,58.0,Tamil Nadu,Social Welfare,689216.14,15,2026-01-28,meera.das482@example.org,9105013454
JS00483,Aarav Nair,30.0,Karnataka,Health,1346649.08,24,2026-06-28,aarav.nair483@example.org,9304630191
JS00484,Aarav Sharma,58.0,Telangana,Education,1064805.14,11,2025-11-16,aarav.sharma484@example.org,9238438399
JS00485,Ananya Das,50.0,Maharashtra,Rural Development,317168.67,1,2025-11-02,ananya.das485@example.org,9412273967
JS00486,Kavya Nair,56.0,Maharashtra,Rural Development,695804.63,21,2025-05-18,kavya.nair486@example.org,9468006578
JS00487,Kavya Rao,66.0,Telangana,Education,1426279.78,25,2026-02-18,kavya.rao487@example.org,9120535029
JS00488,Priya Patel,64.0,Telangana,Education,1122388.8,18,2026-06-01,priya.patel488@example.org,9281445989
JS00489,Ananya Rao,63.0,Andhra Pradesh,Social Welfare,1324692.68,8,2026-07-02,ananya.rao489@example.org,9769085879
JS00490,Aarav Gupta,21.0,Andhra Pradesh,Health,148493.78,3,2026-03-03,aarav.gupta490@example.org,9577078832
JS00491,Vikram Reddy,53.0,Karnataka,Social Welfare,1076652.87,6,2025-01-10,vikram.reddy491@example.org,9423321334
JS00492,Vikram Reddy,60.0,Maharashtra,Rural Development,964372.84,22,2025-05-21,vikram.reddy492@example.org,9549710722
JS00493,Ananya Nair,64.0,Maharashtra,Health,481443.61,25,2025-04-19,ananya.nair493@example.org,9634443249
JS00494,Priya Gupta,30.0,Karnataka,Transport,1461830.01,11,2026-02-24,priya.gupta494@example.org,9417130941
JS00495,Rahul Sharma,53.0,Tamil Nadu,Education,1057249.56,15,2025-12-05,rahul.sharma495@example.org,9351798116
JS00496,Aarav Sharma,60.0,Andhra Pradesh,Health,1266029.67,21,2026-05-21,aarav.sharma496@example.org,9260142678
JS00497,Ananya Nair,22.0,Andhra Pradesh,Rural Development,994958.24,14,2025-10-31,ananya.nair497@example.org,9383602087
JS00498,Kavya Sharma,24.0,Telangana,Health,1290193.13,11,2025-11-17,kavya.sharma498@example.org,9557408869
JS00499,Ananya Reddy,72.0,Andhra Pradesh,Health,1289838.19,21,2025-06-24,ananya.reddy499@example.org,9452896879
JS00500,Sneha Verma,57.0,Karnataka,Health,609123.46,10,2025-07-07,sneha.verma500@example.org,9222226183
JS00501,Vikram Das,47.0,Karnataka,Social Welfare,1059661.45,15,2026-03-08,vikram.das501@example.org,9796693603
JS00502,Rahul Reddy,26.0,Andhra Pradesh,Education,227272.61,18,2026-05-10,rahul.reddy502@example.org,9961425250
JS00503,Meera Verma,29.0,Maharashtra,Social Welfare,1186413.3,19,2025-01-30,meera.verma503@example.org,9834937767
JS00504,Rahul Verma,49.0,Andhra Pradesh,Social Welfare,705776.79,2,2025-09-25,rahul.verma504@example.org,9803272515
JS00505,Sneha Sharma,63.0,Maharashtra,Transport,1107758.43,7,2025-12-13,sneha.sharma505@example.org,9657379037
JS00506,Rohan Gupta,24.0,Tamil Nadu,Education,764340.14,21,2026-01-30,rohan.gupta506@example.org,9259616499
JS00507,Rohan Gupta,21.0,Andhra Pradesh,Education,797905.95,15,2026-05-23,rohan.gupta507@example.org,9277601056
JS00508,Ananya Verma,38.0,Telangana,Rural Development,1457605.97,1,2026-06-04,ananya.verma508@example.org,9339129305
JS00509,Rohan Das,43.0,Telangana,Health,731914.32,25,2026-08-10,rohan.das509@example.org,9581142194
JS00510,Ananya Verma,46.0,Karnataka,Health,1472552.45,23,2025-01-19,ananya.verma510@example.org,9210212429
JS00511,Vikram Das,20.0,Maharashtra,Transport,80241.0,2,2025-11-08,vikram.das511@example.org,9645823493
JS00512,Rohan Patel,59.0,Tamil Nadu,Rural Development,595946.32,1,2025-08-17,rohan.patel512@example.org,9587972689
JS00513,Sneha Nair,67.0,Maharashtra,Transport,751849.83,21,2026-01-08,sneha.nair513@example.org,9868706268
JS00514,Kavya Reddy,24.0,Telangana,Health,564727.1,20,2025-10-26,kavya.reddy514@example.org,9688078280
JS00515,Rohan Rao,62.0,Andhra Pradesh,Health,1353565.51,15,2025-05-24,rohan.rao515@example.org,9982442542
JS00516,Vikram Reddy,34.0,Maharashtra,Education,346311.63,12,2026-07-15,vikram.reddy516@example.org,9590749409
JS00517,Priya Rao,24.0,Tamil Nadu,Health,1395809.67,21,2025-05-07,priya.rao517@example.org,9929084565
JS00518,Kavya Verma,60.0,Maharashtra,Transport,271183.14,15,2025-01-05,kavya.verma518@example.org,9669474377
JS00519,Aarav Nair,45.0,Maharashtra,Social Welfare,1392606.64,24,2025-07-01,aarav.nair519@example.org,9842833609
JS00520,Meera Kumar,64.0,Telangana,Health,630115.92,19,2025-11-26,meera.kumar520@example.org,9641284117
JS00521,Vikram Das,56.0,Telangana,Rural Development,644975.39,10,2025-10-29,vikram.das521@example.org,9586239368
JS00522,Rahul Kumar,44.0,Maharashtra,Transport,504456.65,22,2026-07-15,rahul.kumar522@example.org,9437059145
JS00523,Rohan Patel,30.0,Telangana,Transport,1094426.04,21,2025-12-20,rohan.patel523@example.org,9821955780
JS00524,Rahul Kumar,50.0,Maharashtra,Rural Development,1088700.87,24,2025-12-27,rahul.kumar524@example.org,9703743777
JS00525,Kavya Gupta,54.0,Tamil Nadu,Transport,486017.73,13,2025-01-14,kavya.gupta525@example.org,9661277051
JS00526,Ananya Sharma,42.0,Telangana,Health,1031760.93,6,2025-10-01,ananya.sharma526@example.org,9905505027
JS00527,Rahul Singh,61.0,Karnataka,Education,1271922.18,22,2025-10-30,rahul.singh527@example.org,9319044298
JS00528,Rohan Sharma,40.0,Tamil Nadu,Health,954874.54,21,2026-07-30,rohan.sharma528@example.org,9340848222
JS00529,Rohan Das,33.0,Maharashtra,Rural Development,1063969.23,1,2026-01-26,rohan.das529@example.org,9516133637
JS00530,Vikram Rao,53.0,Andhra Pradesh,Health,1136011.35,6,2026-03-30,vikram.rao530@example.org,9991187981
JS00531,Priya Rao,66.0,Maharashtra,Transport,1128599.05,6,2025-07-18,priya.rao531@example.org,9415870923
JS00532,Kavya Kumar,61.0,Andhra Pradesh,Education,1446714.85,23,2026-06-11,kavya.kumar532@example.org,9228155179
JS00533,Vikram Sharma,45.0,Karnataka,Transport,455220.23,5,2026-08-22,vikram.sharma533@example.org,9373821508
JS00534,Aarav Rao,47.0,Telangana,Health,298258.8,10,2025-02-22,aarav.rao534@example.org,9930712117
JS00535,Meera Singh,49.0,Maharashtra,Transport,588481.54,25,2025-11-22,meera.singh535@example.org,9664138658
JS00536,Priya Kumar,51.0,Andhra Pradesh,Transport,306306.1,17,2026-07-04,priya.kumar536@example.org,9533165776
JS00537,Ananya Rao,32.0,Telangana,Rural Development,550114.48,9,2025-08-12,ananya.rao537@example.org,9908157894
JS00538,Meera Nair,48.0,Maharashtra,Health,242905.17,11,2026-04-02,meera.nair538@example.org,9358071565
JS00539,Meera Gupta,33.0,Andhra Pradesh,Rural Development,621549.1,25,2025-04-27,meera.gupta539@example.org,9514331133
JS00540,Arjun Nair,64.0,Karnataka,Health,1374097.02,24,2026-01-19,arjun.nair540@example.org,9652235149
JS00541,Rohan Verma,49.0,Andhra Pradesh,Rural Development,1355559.88,6,2025-11-25,rohan.verma541@example.org,9651790232
JS00542,Ananya Reddy,28.0,Maharashtra,Transport,90409.43,2,2025-08-04,ananya.reddy542@example.org,9819766863
JS00543,Priya Das,71.0,Andhra Pradesh,Education,843610.98,22,2026-03-22,priya.das543@example.org,9794239754
JS00544,Ananya Kumar,19.0,Tamil Nadu,Rural Development,133798.57,2,2025-02-25,ananya.kumar544@example.org,9291117627
JS00545,Arjun Nair,22.0,Maharashtra,Education,1373600.94,13,2026-02-02,arjun.nair545@example.org,9584392493
JS00546,Vikram Das,38.0,Andhra Pradesh,Social Welfare,1036084.2,17,2025-01-07,vikram.das546@example.org,9788722430
JS00547,Meera Reddy,66.0,Maharashtra,Health,1075252.48,2,2026-01-02,meera.reddy547@example.org,9639917068
JS00548,Ananya Singh,68.0,Karnataka,Transport,202837.41,24,2026-03-25,ananya.singh548@example.org,9509539711
JS00549,Vikram Sharma,48.0,Telangana,Transport,392209.33,23,2026-02-05,vikram.sharma549@example.org,9955525741
JS00550,Rohan Singh,58.0,Telangana,Rural Development,1041750.44,25,2026-01-18,rohan.singh550@example.org,9111972445
JS00551,Rohan Nair,27.0,Andhra Pradesh,Health,87142.37,19,2026-02-08,rohan.nair551@example.org,9676762622
JS00552,Rohan Reddy,37.0,Telangana,Rural Development,380666.46,20,2026-06-09,rohan.reddy552@example.org,9252960017
JS00553,Rahul Kumar,32.0,Maharashtra,Rural Development,355943.23,5,2026-08-04,rahul.kumar553@example.org,9158398995
JS00554,Rohan Verma,59.0,Maharashtra,Health,492726.79,2,2025-09-14,rohan.verma554@example.org,9205444031
JS00555,Priya Gupta,49.0,Karnataka,Rural Development,262065.51,20,2025-08-29,priya.gupta555@example.org,9207422565
JS00556,Arjun Gupta,22.0,Telangana,Rural Development,769922.95,10,2025-11-10,arjun.gupta556@example.org,9844594995
JS00557,Meera Kumar,54.0,Maharashtra,Rural Development,1226933.67,13,2025-06-22,meera.kumar557@example.org,9105188198
JS00558,Sneha Patel,68.0,Telangana,Social Welfare,472885.37,11,2025-05-18,sneha.patel558@example.org,9829693657
JS00559,Sneha Verma,47.0,Tamil Nadu,Rural Development,1180169.09,15,2026-07-19,sneha.verma559@example.org,9216858154
JS00560,Rahul Gupta,23.0,Karnataka,Education,1345641.8,6,2025-09-27,rahul.gupta560@example.org,9887637532
JS00561,Ananya Reddy,75.0,Andhra Pradesh,Transport,976909.62,18,2026-08-16,ananya.reddy561@example.org,9535009817
JS00562,Meera Patel,20.0,Maharashtra,Rural Development,851726.44,17,2026-04-29,meera.patel562@example.org,9802128517
JS00563,Rahul Rao,43.0,Telangana,Transport,1121182.09,9,2025-05-18,rahul.rao563@example.org,9598969054
JS00564,Rohan Nair,23.0,Tamil Nadu,Rural Development,793077.52,21,2025-09-02,rohan.nair564@example.org,9966015789
JS00565,Meera Kumar,66.0,Maharashtra,Education,713633.03,5,2026-08-03,meera.kumar565@example.org,9707536579
JS00566,Rahul Verma,40.0,Andhra Pradesh,Education,1161290.78,7,2025-03-06,rahul.verma566@example.org,9383851293
JS00567,Sneha Patel,20.0,Telangana,Transport,1368971.05,11,2026-02-02,sneha.patel567@example.org,9604308858
JS00568,Kavya Sharma,20.0,Karnataka,Health,1079305.48,16,2025-10-08,kavya.sharma568@example.org,9996437267
JS00569,Arjun Gupta,52.0,Maharashtra,Education,614856.59,12,2026-01-10,arjun.gupta569@example.org,9731015334
JS00570,Ananya Nair,34.0,Tamil Nadu,Education,813247.93,11,2025-12-20,ananya.nair570@example.org,9622763616
JS00571,Kavya Gupta,18.0,Maharashtra,Education,704656.16,7,2025-03-20,kavya.gupta571@example.org,9652484481
JS00572,Arjun Patel,27.0,Telangana,Education,594356.58,22,2025-05-02,arjun.patel572@example.org,9809861078
JS00573,Priya Das,69.0,Karnataka,Health,763753.64,15,2026-05-06,priya.das573@example.org,9326241647
JS00574,Meera Kumar,59.0,Tamil Nadu,Health,426011.84,4,2026-08-11,meera.kumar574@example.org,9736028462
JS00575,Rahul Kumar,58.0,Maharashtra,Health,1344932.69,4,2025-02-27,rahul.kumar575@example.org,9278607682
JS00576,Arjun Kumar,51.0,Tamil Nadu,Transport,1456326.04,20,2025-01-20,arjun.kumar576@example.org,9872608028
JS00577,Arjun Reddy,31.0,Tamil Nadu,Transport,1489741.67,15,2025-06-24,arjun.reddy577@example.org,9335540097
JS00578,Vikram Gupta,27.0,Maharashtra,Education,964960.67,16,2025-09-28,vikram.gupta578@example.org,9280089806
JS00579,Sneha Verma,56.0,Maharashtra,Health,406335.58,12,2025-05-16,sneha.verma579@example.org,9216576275
JS00580,Aarav Patel,51.0,Maharashtra,Social Welfare,1253650.14,19,2025-04-09,aarav.patel580@example.org,9290505619
JS00581,Kavya Gupta,56.0,Andhra Pradesh,Transport,794727.48,3,2025-04-06,kavya.gupta581@example.org,9617802256
JS00582,Rahul Gupta,52.0,Andhra Pradesh,Social Welfare,821302.81,11,2025-02-14,rahul.gupta582@example.org,9849088260
JS00583,Rohan Das,32.0,Tamil Nadu,Social Welfare,577735.3,25,2026-08-13,rohan.das583@example.org,9204922732
JS00584,Vikram Kumar,34.0,Tamil Nadu,Education,1372321.21,2,2025-10-18,vikram.kumar584@example.org,9742411514
JS00585,Rohan Das,34.0,Telangana,Health,1086991.35,25,2025-01-08,rohan.das585@example.org,9720608968
JS00586,Rohan Reddy,51.0,Andhra Pradesh,Social Welfare,1009455.49,22,2025-11-20,rohan.reddy586@example.org,9538994061
JS00587,Sneha Reddy,27.0,Tamil Nadu,Transport,440158.47,17,2026-03-10,sneha.reddy587@example.org,9706310053
JS00588,Sneha Gupta,35.0,Tamil Nadu,Education,666783.98,25,2026-07-25,sneha.gupta588@example.org,9618045811
JS00589,Rahul Rao,53.0,Maharashtra,Social Welfare,440364.26,9,2026-08-15,rahul.rao589@example.org,9469749767
JS00590,Vikram Kumar,72.0,Andhra Pradesh,Education,714164.73,22,2025-06-15,vikram.kumar590@example.org,9207673349
JS00591,Priya Nair,43.0,Karnataka,Transport,951916.02,21,2025-02-23,priya.nair591@example.org,9272591127
JS00592,Vikram Sharma,69.0,Andhra Pradesh,Education,749769.5,19,2026-03-22,vikram.sharma592@example.org,9194640346
JS00593,Ananya Singh,32.0,Karnataka,Health,944820.98,23,2026-01-29,ananya.singh593@example.org,9530189140
JS00594,Meera Nair,36.0,Maharashtra,Health,1422916.52,5,2026-05-22,meera.nair594@example.org,9571342650
JS00595,Aarav Patel,72.0,Maharashtra,Rural Development,356540.02,25,2026-06-07,aarav.patel595@example.org,9653850668
JS00596,Priya Gupta,28.0,Andhra Pradesh,Rural Development,419744.41,0,2025-06-11,priya.gupta596@example.org,9193246752
JS00597,Arjun Das,40.0,Tamil Nadu,Social Welfare,912233.83,16,2025-01-16,arjun.das597@example.org,9891267770
JS00598,Ananya Reddy,53.0,Karnataka,Transport,1379312.74,11,2025-12-22,ananya.reddy598@example.org,9975652436
JS00599,Arjun Patel,56.0,Telangana,Social Welfare,1400193.65,18,2025-01-05,arjun.patel599@example.org,9380362052
JS00600,Rahul Das,50.0,Andhra Pradesh,Transport,182788.08,9,2025-12-15,rahul.das600@example.org,9225637455
JS00601,Rohan Singh,74.0,Maharashtra,Transport,435200.92,14,2026-01-22,rohan.singh601@example.org,9704697685
JS00602,Kavya Patel,66.0,Karnataka,Social Welfare,1047864.44,18,2025-01-29,kavya.patel602@example.org,9617511527
JS00603,Ananya Singh,,Tamil Nadu,Education,1041216.43,7,2025-11-20,ananya.singh603@example.org,9542839009
JS00604,Sneha Nair,52.0,Andhra Pradesh,Rural Development,432525.81,2,2026-02-13,sneha.nair604@example.org,9823377624
JS00605,Sneha Reddy,53.0,Telangana,Social Welfare,525699.35,6,2026-08-11,sneha.reddy605@example.org,9388917924
JS00606,Rahul Patel,49.0,Telangana,Education,1124309.27,8,2025-07-31,rahul.patel606@example.org,9346109712
JS00607,Priya Patel,71.0,Maharashtra,Rural Development,301513.71,3,2025-05-03,priya.patel607@example.org,9184275390
JS00608,Kavya Gupta,18.0,Maharashtra,Health,1284175.05,11,2025-11-19,kavya.gupta608@example.org,9628646448
JS00609,Meera Singh,49.0,Telangana,Transport,477978.6,7,2026-08-14,meera.singh609@example.org,9237703046
JS00610,Aarav Nair,69.0,Tamil Nadu,Social Welfare,1414309.28,1,2026-05-30,aarav.nair610@example.org,9472898686
JS00611,Vikram Kumar,47.0,Andhra Pradesh,Transport,733300.24,22,2025-01-09,vikram.kumar611@example.org,9112691606
JS00612,Priya Das,55.0,Andhra Pradesh,Rural Development,593475.3,8,2025-07-11,priya.das612@example.org,9689015467
JS00613,Arjun Patel,35.0,Tamil Nadu,Transport,567196.97,5,2026-05-26,arjun.patel613@example.org,9555205201
JS00614,Priya Das,62.0,Karnataka,Rural Development,1293143.04,8,2026-04-07,priya.das614@example.org,9293154584
JS00615,Meera Kumar,54.0,Telangana,Health,1103557.95,25,2025-08-30,meera.kumar615@example.org,9696291839
JS00616,Vikram Das,30.0,Telangana,Education,751641.57,0,2025-06-30,vikram.das616@example.org,9552604373
JS00617,Kavya Kumar,75.0,Maharashtra,Transport,1103195.67,25,2026-05-14,kavya.kumar617@example.org,9422159250
JS00618,Arjun Nair,72.0,Maharashtra,Health,645730.7,22,2025-06-17,arjun.nair618@example.org,9164463569
JS00619,Priya Singh,48.0,Andhra Pradesh,Social Welfare,1137322.37,8,2026-01-05,priya.singh619@example.org,9486876247
JS00620,Rohan Nair,69.0,Karnataka,Rural Development,108166.17,3,2025-12-26,rohan.nair620@example.org,9829699746
JS00621,Meera Patel,54.0,Maharashtra,Transport,327845.15,24,2025-10-19,meera.patel621@example.org,9481295430
JS00622,Sneha Nair,49.0,Tamil Nadu,Health,621120.82,9,2026-04-20,sneha.nair622@example.org,9778295798
JS00623,Rahul Kumar,58.0,Karnataka,Social Welfare,976408.24,18,2026-02-19,rahul.kumar623@example.org,9176605123
JS00624,Ananya Kumar,39.0,Telangana,Rural Development,529967.1,9,2025-10-01,ananya.kumar624@example.org,9750027161
JS00625,Vikram Singh,74.0,Tamil Nadu,Rural Development,1142011.61,16,2026-04-07,vikram.singh625@example.org,9544517369
JS00626,Rahul Kumar,72.0,Andhra Pradesh,Education,1113436.83,21,2025-09-15,rahul.kumar626@example.org,9898730065
JS00627,Ananya Patel,28.0,Tamil Nadu,Health,215686.28,15,2026-07-16,ananya.patel627@example.org,9157794625
JS00628,Aarav Das,51.0,Andhra Pradesh,Health,452682.22,4,2025-03-28,aarav.das628@example.org,9803121225
JS00629,Vikram Singh,32.0,Telangana,Rural Development,709287.81,4,2025-05-15,vikram.singh629@example.org,9665585273
JS00630,Rahul Sharma,20.0,Karnataka,Rural Development,1307222.42,14,2026-07-08,rahul.sharma630@example.org,9392502766
JS00631,Rohan Verma,26.0,Maharashtra,Education,918979.92,14,2026-08-01,rohan.verma631@example.org,9567053396
JS00632,Rohan Nair,37.0,Karnataka,Social Welfare,846328.73,25,2025-04-02,rohan.nair632@example.org,9574443895
JS00633,Arjun Rao,44.0,Karnataka,Education,511073.54,0,2026-06-20,arjun.rao633@example.org,9975507381
JS00634,Rahul Rao,36.0,Tamil Nadu,Transport,91810.3,15,2026-05-04,rahul.rao634@example.org,9421704344
JS00635,Aarav Das,69.0,Karnataka,Transport,408325.86,0,2026-07-16,aarav.das635@example.org,9501197060
JS00636,Priya Das,74.0,Maharashtra,Social Welfare,640547.95,5,2026-02-04,priya.das636@example.org,9989516564
JS00637,Vikram Patel,34.0,Andhra Pradesh,Social Welfare,967958.68,16,2025-10-06,vikram.patel637@example.org,9405669440
JS00638,Rohan Singh,44.0,Telangana,Health,339018.19,9,2025-04-24,rohan.singh638@example.org,9783858343
JS00639,Kavya Gupta,46.0,Karnataka,Transport,778634.34,10,2025-01-20,kavya.gupta639@example.org,9263369074
JS00640,Aarav Nair,19.0,Telangana,Health,480602.64,4,2026-03-25,aarav.nair640@example.org,9880725278
JS00641,Aarav Patel,23.0,Telangana,Health,780882.97,10,2026-03-07,aarav.patel641@example.org,9434552915
JS00642,Kavya Rao,47.0,Andhra Pradesh,Rural Development,193916.8,24,2025-05-30,kavya.rao642@example.org,9160170716
JS00643,Arjun Das,22.0,Maharashtra,Social Welfare,337877.31,8,2026-01-26,arjun.das643@example.org,9989328868
JS00644,Aarav Reddy,67.0,Telangana,Social Welfare,1175139.97,14,2025-09-11,aarav.reddy644@example.org,9892012381
JS00645,Aarav Patel,47.0,Andhra Pradesh,Transport,1025731.19,6,2026-04-30,aarav.patel645@example.org,9517817593
JS00646,Arjun Rao,28.0,Andhra Pradesh,Transport,819715.28,8,2026-05-08,arjun.rao646@example.org,9785605643
JS00647,Arjun Patel,41.0,Andhra Pradesh,Education,1462049.17,7,2026-03-21,arjun.patel647@example.org,9448443704
JS00648,Aarav Kumar,68.0,Karnataka,Transport,249902.42,25,2025-09-06,aarav.kumar648@example.org,9109588354
JS00649,Aarav Gupta,68.0,Tamil Nadu,Transport,300088.56,24,2025-04-02,aarav.gupta649@example.org,9367063493
JS00650,Rahul Verma,23.0,Maharashtra,Rural Development,1401805.27,24,2025-03-03,rahul.verma650@example.org,9164183056
JS00651,Sneha Kumar,62.0,Maharashtra,Health,258674.99,7,2025-11-21,sneha.kumar651@example.org,9699524216
JS00652,Sneha Verma,64.0,Telangana,Health,1058734.97,11,2025-05-18,sneha.verma652@example.org,9369183038
JS00653,Aarav Verma,63.0,Tamil Nadu,Transport,498494.73,22,2026-05-17,aarav.verma653@example.org,9303770248
JS00654,Meera Kumar,52.0,Karnataka,Rural Development,1120011.42,8,2026-07-22,meera.kumar654@example.org,9272167429
JS00655,Ananya Nair,27.0,Tamil Nadu,Rural Development,1243574.34,17,2026-01-11,ananya.nair655@example.org,9587563596
JS00656,Aarav Nair,42.0,Telangana,Health,960023.14,11,2025-09-02,aarav.nair656@example.org,9444342661
JS00657,Ananya Nair,70.0,Tamil Nadu,Education,824179.07,15,2026-07-19,ananya.nair657@example.org,9265497448
JS00658,Meera Singh,38.0,Tamil Nadu,Rural Development,236859.07,16,2025-03-10,meera.singh658@example.org,9147005473
JS00659,Rahul Kumar,73.0,Andhra Pradesh,Education,232018.34,6,2025-04-12,rahul.kumar659@example.org,9134163406
JS00660,Meera Das,60.0,Tamil Nadu,Transport,966038.09,18,2025-09-20,meera.das660@example.org,9152705290
JS00661,Sneha Patel,56.0,Andhra Pradesh,Health,1400899.67,6,2026-05-19,sneha.patel661@example.org,9993436624
JS00662,Ananya Verma,69.0,Andhra Pradesh,Rural Development,872388.24,13,2026-01-13,ananya.verma662@example.org,9952818991
JS00663,Aarav Gupta,35.0,Maharashtra,Health,1122706.48,9,2025-03-21,aarav.gupta663@example.org,9331820924
JS00664,Rohan Reddy,24.0,Telangana,Transport,627170.15,6,2026-06-23,rohan.reddy664@example.org,9805315791
JS00665,Priya Gupta,58.0,Telangana,Transport,1143855.99,13,2025-04-19,priya.gupta665@example.org,9922790554
JS00666,Meera Rao,61.0,Tamil Nadu,Social Welfare,1333610.11,5,2025-07-04,meera.rao666@example.org,9690520920
JS00667,Vikram Nair,39.0,Telangana,Transport,1497775.67,14,2025-12-27,vikram.nair667@example.org,9438395096
JS00668,Rohan Rao,72.0,Karnataka,Social Welfare,1165141.8,13,2025-11-28,rohan.rao668@example.org,9753278884
JS00669,Priya Gupta,52.0,Telangana,Social Welfare,1167305.67,23,2025-09-18,priya.gupta669@example.org,9486556226
JS00670,Kavya Verma,43.0,Andhra Pradesh,Health,1475798.19,19,2025-01-17,kavya.verma670@example.org,9655778818
JS00671,Rahul Singh,18.0,Karnataka,Education,385048.39,10,2025-01-23,rahul.singh671@example.org,9928416590
JS00672,Arjun Nair,50.0,Maharashtra,Transport,1394809.88,4,2025-04-07,arjun.nair672@example.org,9140519046
JS00673,Kavya Rao,27.0,Telangana,Rural Development,601257.71,18,2025-09-13,kavya.rao673@example.org,9350175561
JS00674,Arjun Singh,23.0,Maharashtra,Social Welfare,888072.21,6,2025-03-21,arjun.singh674@example.org,9876938677
JS00675,Sneha Verma,29.0,Tamil Nadu,Transport,1243711.68,3,2025-11-04,sneha.verma675@example.org,9140127441
JS00676,Meera Das,23.0,Andhra Pradesh,Rural Development,574060.89,13,2026-03-03,meera.das676@example.org,9229429404
JS00677,Priya Gupta,18.0,Tamil Nadu,Health,512792.42,1,2025-11-23,priya.gupta677@example.org,9679745130
JS00678,Meera Kumar,38.0,Maharashtra,Education,297540.43,21,2026-02-07,meera.kumar678@example.org,9578476787
JS00679,Meera Gupta,50.0,Andhra Pradesh,Education,693348.65,25,2026-02-08,meera.gupta679@example.org,9258927104
JS00680,Rahul Rao,23.0,Tamil Nadu,Transport,1138347.35,17,2026-02-13,rahul.rao680@example.org,9381919481
JS00681,Ananya Das,50.0,Tamil Nadu,Education,1162086.75,15,2026-07-27,ananya.das681@example.org,9312717408
JS00682,Kavya Das,59.0,Maharashtra,Education,876858.01,23,2026-06-21,kavya.das682@example.org,9364404457
JS00683,Priya Reddy,35.0,Tamil Nadu,Rural Development,1052327.92,18,2025-04-02,priya.reddy683@example.org,9220828027
JS00684,Vikram Das,41.0,Karnataka,Education,535448.48,19,2025-01-25,vikram.das684@example.org,9926438998
JS00685,Arjun Kumar,40.0,Maharashtra,Social Welfare,964918.66,14,2025-02-15,arjun.kumar685@example.org,9978505410
JS00686,Priya Patel,61.0,Karnataka,Education,1155981.97,2,2025-04-26,priya.patel686@example.org,9894119729
JS00687,Aarav Patel,57.0,Telangana,Rural Development,99501.28,22,2025-04-24,aarav.patel687@example.org,9427618008
JS00688,Kavya Verma,19.0,Karnataka,Education,1130818.44,6,2025-07-28,kavya.verma688@example.org,9686718533
JS00689,Rohan Singh,53.0,Tamil Nadu,Transport,1116491.49,4,2025-01-19,rohan.singh689@example.org,9504378331
JS00690,Meera Nair,20.0,Karnataka,Education,165356.27,6,2025-10-05,meera.nair690@example.org,9156999852
JS00691,Kavya Sharma,22.0,Tamil Nadu,Rural Development,1021433.92,21,2026-01-04,kavya.sharma691@example.org,9215847550
JS00692,Aarav Singh,73.0,Tamil Nadu,Education,1471305.85,16,2025-04-12,aarav.singh692@example.org,9438718269
JS00693,Kavya Gupta,52.0,Andhra Pradesh,Education,362402.78,14,2026-07-29,kavya.gupta693@example.org,9865007974
JS00694,Aarav Sharma,33.0,Maharashtra,Rural Development,553668.88,12,2025-06-10,aarav.sharma694@example.org,9119727026
JS00695,Sneha Rao,40.0,Karnataka,Education,1494312.06,16,2025-10-10,sneha.rao695@example.org,9971763327
JS00696,Aarav Singh,74.0,Tamil Nadu,Health,1420674.11,8,2025-08-19,aarav.singh696@example.org,9262895422
JS00697,Sneha Das,60.0,Telangana,Health,1116443.32,16,2025-08-21,sneha.das697@example.org,9548108259
JS00698,Priya Gupta,27.0,Tamil Nadu,Rural Development,1371824.26,10,2026-04-05,priya.gupta698@example.org,9682219061
JS00699,Rahul Patel,59.0,Telangana,Transport,848722.43,25,2025-07-27,rahul.patel699@example.org,9248294102
JS00700,Arjun Nair,26.0,Tamil Nadu,Education,1011849.09,18,2025-06-11,arjun.nair700@example.org,9440908961
JS00701,Ananya Nair,52.0,Andhra Pradesh,Education,530988.58,4,2025-01-31,ananya.nair701@example.org,9921879587
JS00702,Sneha Das,44.0,Karnataka,Social Welfare,,20,2025-10-08,sneha.das702@example.org,9263162642
JS00703,Priya Reddy,26.0,Telangana,Health,1162675.43,19,2025-10-01,priya.reddy703@example.org,9750262890
JS00704,Meera Gupta,32.0,Maharashtra,Education,407895.58,0,2026-01-03,meera.gupta704@example.org,9185336088
JS00705,Kavya Kumar,50.0,Maharashtra,Social Welfare,1091067.16,11,2025-07-08,kavya.kumar705@example.org,9516032315
JS00706,Kavya Verma,26.0,Telangana,Education,401307.75,13,2025-01-16,kavya.verma706@example.org,9389758574
JS00707,Vikram Patel,65.0,Telangana,Education,173913.58,14,2026-05-17,vikram.patel707@example.org,9838586956
JS00708,Sneha Verma,74.0,Telangana,Social Welfare,654910.81,1,2026-01-25,sneha.verma708@example.org,9873309842
JS00709,Sneha Das,57.0,Maharashtra,Transport,841346.33,20,2025-02-09,sneha.das709@example.org,9659042709
JS00710,Ananya Verma,47.0,Andhra Pradesh,Education,816557.77,12,2025-02-10,ananya.verma710@example.org,9698826833
JS00711,Vikram Nair,66.0,Andhra Pradesh,Education,493474.69,12,2025-11-08,vikram.nair711@example.org,9930729364
JS00712,Arjun Verma,28.0,Tamil Nadu,Rural Development,950650.68,1,2026-06-14,arjun.verma712@example.org,9252728624
JS00713,Kavya Verma,23.0,Maharashtra,Health,335275.38,18,2026-07-14,kavya.verma713@example.org,9245284437
JS00714,Vikram Das,38.0,Tamil Nadu,Health,334007.58,18,2025-07-26,vikram.das714@example.org,9588212379
JS00715,Ananya Singh,38.0,Telangana,Health,209491.56,22,2026-04-06,ananya.singh715@example.org,9780830076
JS00716,Sneha Reddy,51.0,Tamil Nadu,Transport,949143.0,5,2026-01-23,sneha.reddy716@example.org,9690929397
JS00717,Vikram Sharma,67.0,Telangana,Rural Development,882998.04,21,2025-06-03,vikram.sharma717@example.org,9274079423
JS00718,Rahul Kumar,67.0,Andhra Pradesh,Social Welfare,517448.33,23,2026-04-02,rahul.kumar718@example.org,9410075739
JS00719,Rahul Reddy,75.0,Telangana,Education,85016.72,24,2025-09-17,rahul.reddy719@example.org,9113107987
JS00720,Kavya Verma,72.0,Tamil Nadu,Transport,1226585.48,19,2026-05-21,kavya.verma720@example.org,9355419939
JS00721,Priya Gupta,60.0,Tamil Nadu,Social Welfare,662414.94,2,2026-08-12,priya.gupta721@example.org,9362758762
JS00722,Rohan Singh,57.0,Maharashtra,Education,149464.7,4,2025-02-26,rohan.singh722@example.org,9801450705
JS00723,Sneha Sharma,27.0,Andhra Pradesh,Transport,1269980.5,9,2025-12-06,sneha.sharma723@example.org,9194170046
JS00724,Aarav Reddy,44.0,Telangana,Education,1034368.5,19,2026-08-10,aarav.reddy724@example.org,9945365074
JS00725,Rohan Kumar,47.0,Maharashtra,Rural Development,1402701.34,2,2025-11-03,rohan.kumar725@example.org,9446627326
JS00726,Sneha Das,70.0,Andhra Pradesh,Social Welfare,1277499.67,2,2025-10-27,sneha.das726@example.org,9605535739
JS00727,Rahul Reddy,62.0,Karnataka,Rural Development,828414.88,16,2025-08-03,rahul.reddy727@example.org,9847141233
JS00728,Priya Gupta,21.0,Andhra Pradesh,Transport,1116214.5,20,2026-06-26,priya.gupta728@example.org,9194134670
JS00729,Kavya Gupta,68.0,Karnataka,Social Welfare,944559.34,10,2025-09-23,kavya.gupta729@example.org,9664134530
JS00730,Meera Gupta,40.0,Telangana,Transport,878940.76,16,2026-05-25,meera.gupta730@example.org,9628822629
JS00731,Rahul Gupta,32.0,Karnataka,Education,82244.9,0,2026-04-22,rahul.gupta731@example.org,9771583357
JS00732,Ananya Patel,69.0,Maharashtra,Social Welfare,667938.42,10,2025-12-25,ananya.patel732@example.org,9701741560
JS00733,Priya Sharma,58.0,Telangana,Rural Development,441272.88,2,2025-11-12,priya.sharma733@example.org,9422427487
JS00734,Rohan Nair,38.0,Andhra Pradesh,Health,1053886.82,10,2026-02-10,rohan.nair734@example.org,9877814971
JS00735,Meera Gupta,19.0,Telangana,Education,549331.06,10,2026-05-06,meera.gupta735@example.org,9609490977
JS00736,Aarav Kumar,48.0,Telangana,Social Welfare,1346722.82,17,2025-12-10,aarav.kumar736@example.org,9596573456
JS00737,Vikram Sharma,71.0,Maharashtra,Rural Development,882218.55,21,2025-11-20,vikram.sharma737@example.org,9696116984
JS00738,Rohan Sharma,31.0,Maharashtra,Rural Development,1215340.17,25,2025-12-29,rohan.sharma738@example.org,9171095709
JS00739,Rahul Singh,71.0,Andhra Pradesh,Rural Development,1476738.65,20,2026-07-02,rahul.singh739@example.org,9278208378
JS00740,Meera Gupta,42.0,Telangana,Transport,245919.39,25,2025-11-12,meera.gupta740@example.org,9857273798
JS00741,Sneha Sharma,35.0,Tamil Nadu,Health,785817.3,7,2026-01-16,sneha.sharma741@example.org,9585230723
JS00742,Arjun Patel,51.0,Karnataka,Education,239368.41,25,2025-02-08,arjun.patel742@example.org,9935146073
JS00743,Priya Reddy,46.0,Maharashtra,Health,1214615.9,16,2025-06-07,priya.reddy743@example.org,9304238238
JS00744,Sneha Verma,64.0,Maharashtra,Rural Development,1181257.16,4,2025-04-11,sneha.verma744@example.org,9982764505
JS00745,Rohan Kumar,31.0,Andhra Pradesh,Social Welfare,630375.27,16,2025-04-29,rohan.kumar745@example.org,9104412943
JS00746,Arjun Sharma,61.0,Maharashtra,Health,553271.45,1,2025-04-16,arjun.sharma746@example.org,9658966058
JS00747,Arjun Sharma,54.0,Karnataka,Education,535650.13,6,2025-10-21,arjun.sharma747@example.org,9397050178
JS00748,Rohan Rao,67.0,Tamil Nadu,Health,467168.97,5,2025-10-08,rohan.rao748@example.org,9222900917
JS00749,Aarav Gupta,53.0,Maharashtra,Health,373339.88,11,2026-07-17,aarav.gupta749@example.org,9441970569
JS00750,Arjun Kumar,63.0,Karnataka,Transport,427651.6,2,2025-11-15,arjun.kumar750@example.org,9758486006
JS00751,Sneha Nair,46.0,Andhra Pradesh,Education,121169.61,21,2025-02-21,sneha.nair751@example.org,9213738160
JS00752,Vikram Sharma,23.0,Tamil Nadu,Social Welfare,334155.85,19,2026-04-02,vikram.sharma752@example.org,9761763552
JS00753,Sneha Singh,39.0,Telangana,Transport,191534.76,24,2026-04-22,sneha.singh753@example.org,9709659120
JS00754,Rahul Reddy,70.0,Tamil Nadu,Health,726929.52,21,2026-04-22,rahul.reddy754@example.org,9605244785
JS00755,Priya Patel,27.0,Maharashtra,Rural Development,1376263.49,12,2025-07-07,priya.patel755@example.org,9851205475
JS00756,Sneha Rao,47.0,Tamil Nadu,Health,172818.58,3,2025-12-26,sneha.rao756@example.org,9613948760
JS00757,Kavya Kumar,36.0,Karnataka,Transport,896043.13,16,2025-04-16,kavya.kumar757@example.org,9535602000
JS00758,Ananya Rao,53.0,Andhra Pradesh,Rural Development,836498.7,12,2026-02-28,ananya.rao758@example.org,9356168265
JS00759,Meera Patel,53.0,Telangana,Social Welfare,625019.37,10,2025-08-02,meera.patel759@example.org,9973935331
JS00760,Meera Das,68.0,Tamil Nadu,Transport,1198004.01,17,2025-08-30,meera.das760@example.org,9285849093
JS00761,Ananya Gupta,71.0,Tamil Nadu,Health,920871.65,14,2025-11-30,ananya.gupta761@example.org,9696020884
JS00762,Ananya Verma,29.0,Karnataka,Social Welfare,178842.84,3,2026-01-24,ananya.verma762@example.org,9451551922
JS00763,Kavya Sharma,23.0,Telangana,Education,1339911.38,24,2025-01-01,kavya.sharma763@example.org,9912906014
JS00764,Rahul Kumar,46.0,Maharashtra,Rural Development,633775.38,18,2026-04-03,rahul.kumar764@example.org,9310095433
JS00765,Priya Rao,37.0,Maharashtra,Rural Development,1384272.3,13,2025-12-19,priya.rao765@example.org,9195871622
JS00766,Meera Sharma,57.0,Maharashtra,Social Welfare,1283644.18,9,2025-03-05,meera.sharma766@example.org,9496450063
JS00767,Rohan Sharma,18.0,Maharashtra,Rural Development,235771.61,9,2025-02-01,rohan.sharma767@example.org,9352588284
JS00768,Vikram Gupta,43.0,Karnataka,Social Welfare,656566.37,13,2026-07-13,vikram.gupta768@example.org,9326791535
JS00769,Rahul Verma,26.0,Telangana,Transport,626124.98,11,2026-03-04,rahul.verma769@example.org,9265643247
JS00770,Arjun Kumar,26.0,Andhra Pradesh,Health,1000712.72,4,2026-05-14,arjun.kumar770@example.org,9806443412
JS00771,Vikram Kumar,23.0,Telangana,Social Welfare,1301416.92,25,2026-03-12,vikram.kumar771@example.org,9769207967
JS00772,Rahul Verma,50.0,Tamil Nadu,Transport,1244501.42,12,2025-12-30,rahul.verma772@example.org,9342387465
JS00773,Rahul Das,56.0,Andhra Pradesh,Transport,787382.89,23,2025-08-31,rahul.das773@example.org,9864643763
JS00774,Rohan Singh,44.0,Maharashtra,Transport,601097.44,1,2026-08-05,rohan.singh774@example.org,9618905205
JS00775,Sneha Reddy,55.0,Tamil Nadu,Health,281764.22,23,2026-06-24,sneha.reddy775@example.org,9905931508
JS00776,Arjun Verma,51.0,Andhra Pradesh,Transport,1343679.98,2,2025-09-09,arjun.verma776@example.org,9607291015
JS00777,Ananya Nair,69.0,Maharashtra,Rural Development,950515.54,10,2026-07-02,ananya.nair777@example.org,9935937148
JS00778,Aarav Verma,47.0,Maharashtra,Social Welfare,895030.73,10,2026-03-08,aarav.verma778@example.org,9478939097
JS00779,Arjun Singh,28.0,Andhra Pradesh,Transport,1144183.9,23,2026-08-01,arjun.singh779@example.org,9379648695
JS00780,Aarav Verma,55.0,Telangana,Transport,153300.24,9,2025-01-28,aarav.verma780@example.org,9407965966
JS00781,Kavya Reddy,26.0,Maharashtra,Health,1289052.26,8,2025-09-16,kavya.reddy781@example.org,9242312411
JS00782,Meera Singh,35.0,Karnataka,Health,1132829.42,19,2025-06-28,meera.singh782@example.org,9735408331
JS00783,Rahul Verma,41.0,Telangana,Rural Development,1191189.34,7,2026-05-12,rahul.verma783@example.org,9294142387
JS00784,Rohan Sharma,39.0,Andhra Pradesh,Education,925672.61,4,2026-05-23,rohan.sharma784@example.org,9908271285
JS00785,Vikram Das,33.0,Tamil Nadu,Education,379416.58,23,2025-12-20,vikram.das785@example.org,9158331864
JS00786,Arjun Reddy,21.0,Telangana,Social Welfare,646217.62,9,2026-05-03,arjun.reddy786@example.org,9901173040
JS00787,Rohan Patel,42.0,Tamil Nadu,Social Welfare,452927.72,16,2026-03-22,rohan.patel787@example.org,9112737840
JS00788,Arjun Verma,42.0,Karnataka,Transport,1049684.36,1,2025-04-10,arjun.verma788@example.org,9670471890
JS00789,Sneha Das,57.0,Karnataka,Rural Development,463863.09,25,2025-04-11,sneha.das789@example.org,9374173441
JS00790,Meera Das,47.0,Telangana,Transport,1174106.15,16,2025-12-12,meera.das790@example.org,9827694333
JS00791,Rahul Rao,53.0,Andhra Pradesh,Health,1260999.09,0,2026-02-26,rahul.rao791@example.org,9204903246
JS00792,Rohan Reddy,61.0,Tamil Nadu,Rural Development,391571.18,9,2025-09-15,rohan.reddy792@example.org,9307317573
JS00793,Aarav Sharma,57.0,Andhra Pradesh,Health,1412677.76,21,2025-08-11,aarav.sharma793@example.org,9743584714
JS00794,Ananya Reddy,23.0,Maharashtra,Education,613860.98,24,2026-08-03,ananya.reddy794@example.org,9962429499
JS00795,Rahul Reddy,62.0,Telangana,Rural Development,498287.44,21,2025-03-19,rahul.reddy795@example.org,9785885348
JS00796,Kavya Singh,67.0,Tamil Nadu,Rural Development,445417.97,24,2025-03-17,kavya.singh796@example.org,9397735164
JS00797,Aarav Das,42.0,Karnataka,Health,446698.82,8,2025-07-02,aarav.das797@example.org,9573063629
JS00798,Ananya Verma,30.0,Maharashtra,Social Welfare,333387.88,15,2025-04-22,ananya.verma798@example.org,9254482024
JS00799,Rohan Das,31.0,Maharashtra,Health,1375905.1,22,2025-09-23,rohan.das799@example.org,9210903699
JS00800,Aarav Reddy,22.0,Maharashtra,Rural Development,1183676.77,0,2026-05-25,aarav.reddy800@example.org,9259831058
JS00801,Aarav Sharma,60.0,Tamil Nadu,Rural Development,295282.61,10,2026-02-05,aarav.sharma801@example.org,9717015275
JS00802,Aarav Nair,63.0,Tamil Nadu,Social Welfare,699201.89,23,2025-03-13,aarav.nair802@example.org,9679958795
JS00803,Priya Sharma,42.0,Tamil Nadu,Health,885486.32,11,2025-12-08,priya.sharma803@example.org,9832115550
JS00804,Arjun Das,21.0,Andhra Pradesh,Rural Development,839169.34,10,2025-03-24,arjun.das804@example.org,9593533996
JS00805,Arjun Patel,29.0,Maharashtra,Health,1453868.4,21,2025-07-15,arjun.patel805@example.org,9420909585
JS00806,Vikram Reddy,58.0,Karnataka,Social Welfare,200504.73,20,2026-03-25,vikram.reddy806@example.org,9889548331
JS00807,Priya Kumar,20.0,Telangana,Health,1102029.43,18,2025-09-02,priya.kumar807@example.org,9625309452
JS00808,Vikram Reddy,68.0,Maharashtra,Rural Development,789551.5,25,2026-04-06,vikram.reddy808@example.org,9117629000
JS00809,Aarav Rao,21.0,Karnataka,Health,655821.16,6,2026-06-20,aarav.rao809@example.org,9592171427
JS00810,Rohan Kumar,65.0,Maharashtra,Education,1393238.45,1,2025-05-25,rohan.kumar810@example.org,9624946696
JS00811,Aarav Verma,57.0,Andhra Pradesh,Education,1075841.47,4,2025-01-15,aarav.verma811@example.org,9284950962
JS00812,Aarav Singh,70.0,Andhra Pradesh,Social Welfare,947940.76,18,2025-03-07,aarav.singh812@example.org,9978106253
JS00813,Ananya Reddy,49.0,Maharashtra,Transport,393212.98,25,2025-07-27,ananya.reddy813@example.org,9557641077
JS00814,Sneha Das,38.0,Andhra Pradesh,Transport,855156.41,10,2025-08-07,sneha.das814@example.org,9920583443
JS00815,Aarav Gupta,29.0,Karnataka,Health,251458.6,4,2026-03-02,aarav.gupta815@example.org,9280443225
JS00816,Sneha Nair,28.0,Tamil Nadu,Education,1394459.25,1,2025-05-17,sneha.nair816@example.org,9207339659
JS00817,Meera Das,67.0,Telangana,Health,1329070.26,2,2025-01-07,meera.das817@example.org,9107756709
JS00818,Rahul Reddy,63.0,Maharashtra,Rural Development,671035.58,25,2026-05-03,rahul.reddy818@example.org,9843414103
JS00819,Rahul Patel,27.0,Karnataka,Transport,719595.17,7,2025-06-28,rahul.patel819@example.org,9755560172
JS00820,Aarav Gupta,29.0,Tamil Nadu,Transport,1429423.25,20,2025-11-05,aarav.gupta820@example.org,9473504921
JS00821,Vikram Sharma,53.0,Telangana,Education,246861.11,16,2025-04-08,vikram.sharma821@example.org,9764561301
JS00822,Sneha Nair,50.0,Telangana,Social Welfare,1173870.42,21,2025-08-02,sneha.nair822@example.org,9396810789
JS00823,Aarav Patel,25.0,Telangana,Social Welfare,786471.07,5,2025-02-14,aarav.patel823@example.org,9158011705
JS00824,Sneha Singh,31.0,Tamil Nadu,Rural Development,554698.37,25,2026-04-10,sneha.singh824@example.org,9146511793
JS00825,Ananya Sharma,52.0,Telangana,Education,1195398.67,15,2026-06-12,ananya.sharma825@example.org,9224623936
JS00826,Ananya Patel,64.0,Tamil Nadu,Transport,903261.72,13,2025-07-23,ananya.patel826@example.org,9902178290
JS00827,Sneha Patel,67.0,Andhra Pradesh,Rural Development,403450.53,7,2026-02-27,sneha.patel827@example.org,9314700940
JS00828,Vikram Patel,22.0,Tamil Nadu,Transport,767858.96,13,2025-05-29,vikram.patel828@example.org,9332105574
JS00829,Meera Verma,29.0,Tamil Nadu,Rural Development,273694.55,23,2025-07-18,meera.verma829@example.org,9778627510
JS00830,Sneha Singh,30.0,Karnataka,Education,125574.33,18,2025-03-03,sneha.singh830@example.org,9401296420
JS00831,Rahul Reddy,72.0,Tamil Nadu,Social Welfare,673877.84,24,2025-12-18,rahul.reddy831@example.org,9336065965
JS00832,Arjun Gupta,28.0,Maharashtra,Education,900932.45,17,2025-08-24,arjun.gupta832@example.org,9192851105
JS00833,Vikram Nair,49.0,Telangana,Transport,752354.37,14,2025-10-13,vikram.nair833@example.org,9115573397
JS00834,Vikram Patel,33.0,Karnataka,Social Welfare,902843.18,18,2025-06-02,vikram.patel834@example.org,9716006526
JS00835,Aarav Das,20.0,Andhra Pradesh,Social Welfare,1121536.35,16,2025-02-04,aarav.das835@example.org,9557089367
JS00836,Rohan Das,48.0,Andhra Pradesh,Social Welfare,783304.76,2,2026-07-26,rohan.das836@example.org,9908612091
JS00837,Aarav Das,31.0,Telangana,Rural Development,500022.41,20,2025-04-03,aarav.das837@example.org,9117104881
JS00838,Kavya Singh,28.0,Tamil Nadu,Transport,1141147.11,0,2026-04-11,kavya.singh838@example.org,9597959196
JS00839,Rahul Das,29.0,Karnataka,Social Welfare,1079540.93,0,2025-03-14,rahul.das839@example.org,9513260967
JS00840,Sneha Nair,20.0,Karnataka,Social Welfare,1149100.98,22,2026-07-10,sneha.nair840@example.org,9717647827
JS00841,Priya Reddy,57.0,Karnataka,Health,810925.8,21,2026-01-08,priya.reddy841@example.org,9155364901
JS00842,Ananya Das,41.0,Tamil Nadu,Transport,138041.56,11,2025-06-29,ananya.das842@example.org,9795970088
JS00843,Rohan Reddy,53.0,Telangana,Education,1473377.3,7,2026-07-07,rohan.reddy843@example.org,9221931627
JS00844,Kavya Gupta,73.0,Telangana,Education,535058.62,8,2026-05-31,kavya.gupta844@example.org,9830387900
JS00845,Vikram Singh,21.0,Andhra Pradesh,Rural Development,570221.75,15,2026-05-29,vikram.singh845@example.org,9665521130
JS00846,Ananya Verma,63.0,Maharashtra,Transport,1357220.7,14,2026-01-12,ananya.verma846@example.org,9958890239
JS00847,Ananya Patel,75.0,Tamil Nadu,Health,193841.97,5,2025-10-23,ananya.patel847@example.org,9182621546
JS00848,Ananya Kumar,35.0,Andhra Pradesh,Education,784786.8,6,2026-06-18,ananya.kumar848@example.org,9773532691
JS00849,Aarav Singh,44.0,Maharashtra,Education,752944.98,13,2026-03-31,aarav.singh849@example.org,9892109271
JS00850,Aarav Singh,30.0,Andhra Pradesh,Health,1317947.06,7,2026-06-17,aarav.singh850@example.org,9792211324
JS00851,Sneha Das,55.0,Karnataka,Rural Development,770330.72,21,2026-06-27,sneha.das851@example.org,9688913795
JS00852,Kavya Verma,37.0,Maharashtra,Education,1355560.33,9,2025-06-25,kavya.verma852@example.org,9947469747
JS00853,Arjun Patel,48.0,Karnataka,Rural Development,1173044.63,1,2025-06-01,arjun.patel853@example.org,9479160679
JS00854,Arjun Verma,28.0,Maharashtra,Education,1090773.28,9,2025-07-06,arjun.verma854@example.org,9288290663
JS00855,Rahul Kumar,33.0,Andhra Pradesh,Health,1491157.71,18,2025-05-10,rahul.kumar855@example.org,9573400575
JS00856,Arjun Rao,29.0,Telangana,Transport,1084130.82,21,2025-11-21,arjun.rao856@example.org,9469202923
JS00857,Rahul Rao,46.0,Maharashtra,Education,837773.0,3,2025-01-26,rahul.rao857@example.org,9534395495
JS00858,Kavya Kumar,47.0,Karnataka,Education,86097.91,23,2026-07-14,kavya.kumar858@example.org,9644826299
JS00859,Sneha Singh,48.0,Karnataka,Transport,1026980.58,25,2026-08-02,sneha.singh859@example.org,9882267928
JS00860,Kavya Rao,62.0,Andhra Pradesh,Social Welfare,1358247.75,4,2026-07-19,kavya.rao860@example.org,9225494759
JS00861,Arjun Sharma,43.0,Maharashtra,Education,713281.22,2,2025-12-01,arjun.sharma861@example.org,9159091919
JS00862,Meera Patel,55.0,Maharashtra,Education,1189422.37,24,2025-10-12,meera.patel862@example.org,9310148111
JS00863,Aarav Reddy,52.0,Tamil Nadu,Health,1465692.1,12,2025-07-19,aarav.reddy863@example.org,9626633172
JS00864,Sneha Gupta,56.0,Maharashtra,Health,1369994.67,11,2026-02-12,sneha.gupta864@example.org,9258855742
JS00865,Vikram Rao,42.0,Karnataka,Health,484203.52,11,2025-11-12,vikram.rao865@example.org,9578433629
JS00866,Rohan Reddy,31.0,Tamil Nadu,Social Welfare,1221233.42,9,2025-06-17,rohan.reddy866@example.org,9965084562
JS00867,Vikram Das,26.0,Maharashtra,Transport,202230.72,6,2025-11-07,vikram.das867@example.org,9609611966
JS00868,Rohan Rao,22.0,Maharashtra,Social Welfare,205596.56,13,2025-10-07,rohan.rao868@example.org,9545081036
JS00869,Rahul Nair,47.0,Maharashtra,Education,362945.74,12,2025-10-24,rahul.nair869@example.org,9694710082
JS00870,Kavya Sharma,70.0,Karnataka,Transport,511558.42,17,2026-04-20,kavya.sharma870@example.org,9341076755
JS00871,Aarav Sharma,27.0,Karnataka,Rural Development,1437557.77,20,2026-04-29,aarav.sharma871@example.org,9233333957
JS00872,Arjun Das,29.0,Tamil Nadu,Education,120388.47,24,2025-10-11,arjun.das872@example.org,9629408646
JS00873,Ananya Gupta,65.0,Karnataka,Transport,762289.99,13,2025-09-22,ananya.gupta873@example.org,9774305616
JS00874,Kavya Reddy,41.0,Maharashtra,Transport,104914.01,8,2025-06-16,kavya.reddy874@example.org,9724546761
JS00875,Aarav Kumar,38.0,Tamil Nadu,Education,587487.36,1,2025-10-07,aarav.kumar875@example.org,9487796299
JS00876,Vikram Rao,21.0,Karnataka,Rural Development,832049.51,2,2026-06-11,vikram.rao876@example.org,9308107088
JS00877,Rahul Reddy,56.0,Telangana,Transport,538101.74,10,2025-11-05,rahul.reddy877@example.org,9391476850
JS00878,Sneha Reddy,52.0,Maharashtra,Rural Development,1249107.04,0,2025-05-21,sneha.reddy878@example.org,9656381604
JS00879,Arjun Rao,67.0,Tamil Nadu,Social Welfare,563244.59,5,2025-04-15,arjun.rao879@example.org,9333942807
JS00880,Rahul Nair,32.0,Telangana,Transport,951068.27,16,2026-06-29,rahul.nair880@example.org,9865091650
JS00881,Rohan Reddy,44.0,Tamil Nadu,Health,245523.22,4,2025-01-18,rohan.reddy881@example.org,9614878782
JS00882,Sneha Singh,62.0,Karnataka,Education,1240194.96,19,2026-06-20,sneha.singh882@example.org,9919898028
JS00883,Sneha Kumar,63.0,Karnataka,Health,1137133.51,3,2025-08-16,sneha.kumar883@example.org,9238206116
JS00884,Rahul Patel,37.0,Telangana,Education,264909.92,2,2026-03-12,rahul.patel884@example.org,9841760327
JS00885,Ananya Reddy,19.0,Tamil Nadu,Social Welfare,140374.06,3,2025-02-03,ananya.reddy885@example.org,9951536517
JS00886,Rohan Gupta,21.0,Tamil Nadu,Health,1370111.6,1,2025-03-09,rohan.gupta886@example.org,9423889716
JS00887,Aarav Reddy,68.0,Andhra Pradesh,Transport,371669.68,6,2025-07-09,aarav.reddy887@example.org,9820051966
JS00888,Sneha Sharma,23.0,Telangana,Rural Development,1427284.08,11,2025-12-27,sneha.sharma888@example.org,9272397121
JS00889,Rohan Gupta,33.0,Maharashtra,Transport,177038.6,18,2025-01-15,rohan.gupta889@example.org,9667836278
JS00890,Priya Patel,36.0,Telangana,Transport,86147.08,23,2025-04-12,priya.patel890@example.org,9329797269
JS00891,Rohan Verma,41.0,Maharashtra,Education,704325.48,3,2025-07-05,rohan.verma891@example.org,9996297562
JS00892,Sneha Das,45.0,Telangana,Transport,403126.98,3,2025-11-18,sneha.das892@example.org,9232731028
JS00893,Kavya Reddy,51.0,Telangana,Social Welfare,1162428.62,22,2025-10-23,kavya.reddy893@example.org,9698216060
JS00894,Aarav Reddy,38.0,Tamil Nadu,Health,626389.19,14,2025-11-16,aarav.reddy894@example.org,9837710623
JS00895,Kavya Patel,53.0,Tamil Nadu,Rural Development,1478646.51,13,2025-07-13,kavya.patel895@example.org,9174742261
JS00896,Kavya Rao,29.0,Andhra Pradesh,Social Welfare,1034375.58,12,2026-03-25,kavya.rao896@example.org,9661204449
JS00897,Ananya Reddy,27.0,Tamil Nadu,Social Welfare,1066952.7,3,2025-06-22,ananya.reddy897@example.org,9169482279
JS00898,Sneha Patel,39.0,Telangana,Transport,1278521.89,12,2025-05-06,sneha.patel898@example.org,9350041868
JS00899,Vikram Verma,35.0,Maharashtra,Transport,467621.36,25,2026-02-14,vikram.verma899@example.org,9482356574
JS00900,Kavya Gupta,43.0,Tamil Nadu,Transport,476024.7,24,2026-04-11,kavya.gupta900@example.org,9216003492
JS00901,Ananya Singh,49.0,Tamil Nadu,Education,972286.86,4,2025-01-31,ananya.singh901@example.org,9206948323
JS00902,Aarav Reddy,49.0,Andhra Pradesh,Education,623338.84,21,2025-12-01,aarav.reddy902@example.org,9263999734
JS00903,Arjun Gupta,57.0,Andhra Pradesh,Health,1018734.46,16,2026-05-20,arjun.gupta903@example.org,9951188873
JS00904,Kavya Patel,36.0,Tamil Nadu,Social Welfare,796808.55,17,2025-12-18,kavya.patel904@example.org,9969174243
JS00905,Rohan Nair,19.0,Andhra Pradesh,Social Welfare,1329778.45,3,2026-01-28,rohan.nair905@example.org,9583307859
JS00906,Sneha Das,46.0,Tamil Nadu,Health,126660.91,17,2025-11-07,sneha.das906@example.org,9858125303
JS00907,Rahul Verma,45.0,Telangana,Rural Development,1096326.93,15,2025-04-23,rahul.verma907@example.org,9710803644
JS00908,Kavya Nair,61.0,Maharashtra,Transport,747142.1,17,2025-06-10,kavya.nair908@example.org,9644048929
JS00909,Aarav Das,34.0,Tamil Nadu,Transport,1458636.48,19,2025-12-28,aarav.das909@example.org,9922991714
JS00910,Arjun Rao,21.0,Andhra Pradesh,Transport,144068.2,11,2025-12-24,arjun.rao910@example.org,9969251370
JS00911,Meera Sharma,66.0,Karnataka,Social Welfare,218237.07,11,2026-01-01,meera.sharma911@example.org,9542306042
JS00912,Sneha Sharma,60.0,Telangana,Education,413163.37,9,2025-03-28,sneha.sharma912@example.org,9838724998
JS00913,Ananya Singh,25.0,Karnataka,Education,107991.03,10,2025-02-08,ananya.singh913@example.org,9594897685
JS00914,Vikram Gupta,50.0,Tamil Nadu,Rural Development,108971.23,15,2025-01-23,vikram.gupta914@example.org,9439854673
JS00915,Vikram Gupta,42.0,Karnataka,Transport,218770.46,15,2025-04-13,vikram.gupta915@example.org,9841809534
JS00916,Priya Rao,49.0,Maharashtra,Rural Development,316610.65,9,2026-01-08,priya.rao916@example.org,9568141917
JS00917,Priya Verma,58.0,Andhra Pradesh,Transport,383993.75,8,2025-02-18,priya.verma917@example.org,9419245200
JS00918,Meera Das,69.0,Telangana,Transport,1134901.0,2,2026-08-16,meera.das918@example.org,9201719440
JS00919,Meera Rao,35.0,Andhra Pradesh,Transport,1217683.65,15,2026-03-14,meera.rao919@example.org,9325205711
JS00920,Sneha Reddy,59.0,Karnataka,Transport,1221859.93,13,2026-07-07,sneha.reddy920@example.org,9436460186
JS00921,Priya Das,43.0,Karnataka,Transport,811824.31,21,2026-07-15,priya.das921@example.org,9293918682
JS00922,Aarav Nair,73.0,Telangana,Transport,788869.16,21,2026-04-24,aarav.nair922@example.org,9387694035
JS00923,Rohan Gupta,72.0,Tamil Nadu,Transport,1111793.4,1,2026-06-19,rohan.gupta923@example.org,9315444177
JS00924,Sneha Verma,27.0,Telangana,Education,1139935.59,24,2025-11-04,sneha.verma924@example.org,9567495148
JS00925,Vikram Rao,73.0,Andhra Pradesh,Education,1281273.12,8,2025-10-21,vikram.rao925@example.org,9793683022
JS00926,Rahul Singh,61.0,Maharashtra,Education,656329.63,3,2025-06-03,rahul.singh926@example.org,9306068248
JS00927,Aarav Patel,69.0,Karnataka,Social Welfare,769242.94,13,2026-03-09,aarav.patel927@example.org,9794627259
JS00928,Aarav Patel,28.0,Karnataka,Education,121381.45,25,2025-10-12,aarav.patel928@example.org,9807242295
JS00929,Rohan Kumar,59.0,Andhra Pradesh,Social Welfare,1190771.92,1,2025-03-27,rohan.kumar929@example.org,9437052680
JS00930,Meera Singh,73.0,Andhra Pradesh,Social Welfare,1353418.01,21,2025-04-03,meera.singh930@example.org,9526162812
JS00931,Rahul Patel,25.0,Maharashtra,Transport,1404768.34,16,2026-08-18,rahul.patel931@example.org,9932274313
JS00932,Rohan Singh,49.0,Andhra Pradesh,Education,931746.27,24,2025-11-17,rohan.singh932@example.org,9453568052
JS00933,Meera Das,69.0,Telangana,Social Welfare,389571.91,3,2025-06-29,meera.das933@example.org,9329897397
JS00934,Arjun Verma,44.0,Karnataka,Transport,159414.07,17,2026-01-19,arjun.verma934@example.org,9851208813
JS00935,Ananya Rao,52.0,Tamil Nadu,Social Welfare,1049488.6,8,2025-05-29,ananya.rao935@example.org,9489766149
JS00936,Kavya Rao,70.0,Karnataka,Health,996464.58,19,2025-02-05,kavya.rao936@example.org,9893978083
JS00937,Aarav Patel,34.0,Maharashtra,Social Welfare,519161.27,22,2026-01-07,aarav.patel937@example.org,9972147112
JS00938,Ananya Nair,73.0,Telangana,Social Welfare,631628.84,12,2025-09-19,ananya.nair938@example.org,9423076194
JS00939,Ananya Patel,37.0,Telangana,Education,1380564.94,20,2025-11-21,ananya.patel939@example.org,9972144388
JS00940,Vikram Sharma,35.0,Andhra Pradesh,Social Welfare,748949.62,13,2025-12-07,vikram.sharma940@example.org,9870287372
JS00941,Vikram Reddy,70.0,Telangana,Rural Development,798995.01,11,2026-03-07,vikram.reddy941@example.org,9746517065
JS00942,Rohan Rao,47.0,Andhra Pradesh,Health,990749.37,5,2026-03-31,rohan.rao942@example.org,9949350526
JS00943,Rahul Sharma,43.0,Telangana,Rural Development,525484.96,2,2025-04-24,rahul.sharma943@example.org,9269460558
JS00944,Priya Nair,63.0,Telangana,Transport,1053769.8,25,2025-11-24,priya.nair944@example.org,9584783589
JS00945,Kavya Kumar,34.0,Telangana,Transport,1254011.43,25,2025-10-16,kavya.kumar945@example.org,9313313546
JS00946,Ananya Das,41.0,Telangana,Social Welfare,1324473.82,18,2025-08-18,ananya.das946@example.org,9122263644
JS00947,Aarav Nair,59.0,Maharashtra,Education,1367719.59,14,2025-07-23,aarav.nair947@example.org,9381087533
JS00948,Rahul Sharma,43.0,Maharashtra,Social Welfare,932557.68,4,2025-04-02,rahul.sharma948@example.org,9495051256
JS00949,Rahul Gupta,25.0,Andhra Pradesh,Transport,697925.4,14,2026-05-22,rahul.gupta949@example.org,9227251665
JS00950,Priya Patel,30.0,Karnataka,Rural Development,1139949.1,12,2025-05-14,priya.patel950@example.org,9563114070
JS00951,Priya Gupta,31.0,Karnataka,Education,674030.01,13,2025-05-30,priya.gupta951@example.org,9130894901
JS00952,Arjun Singh,33.0,Maharashtra,Social Welfare,1368406.09,11,2026-08-20,arjun.singh952@example.org,9834726187
JS00953,Kavya Reddy,18.0,Tamil Nadu,Education,1317449.73,22,2026-02-12,kavya.reddy953@example.org,9837502201
JS00954,Priya Das,63.0,Tamil Nadu,Transport,443840.34,3,2026-07-25,priya.das954@example.org,9163084820
JS00955,Aarav Rao,33.0,Tamil Nadu,Rural Development,1495370.0,21,2025-02-16,aarav.rao955@example.org,9105756315
JS00956,Arjun Nair,57.0,Tamil Nadu,Rural Development,1468083.9,21,2026-01-15,arjun.nair956@example.org,9241989740
JS00957,Rohan Sharma,55.0,Telangana,Rural Development,321210.43,15,2025-12-14,rohan.sharma957@example.org,9602602298
JS00958,Rahul Reddy,38.0,Maharashtra,Social Welfare,281349.94,3,2025-11-17,rahul.reddy958@example.org,9147418754
JS00959,Rahul Verma,73.0,Karnataka,Rural Development,1395256.6,9,2025-09-27,rahul.verma959@example.org,9758130257
JS00960,Arjun Nair,38.0,Tamil Nadu,Education,528070.95,15,2025-06-04,arjun.nair960@example.org,9696651173
JS00961,Kavya Sharma,30.0,Telangana,Health,406401.97,1,2026-04-27,kavya.sharma961@example.org,9379413359
JS00962,Rahul Verma,45.0,Andhra Pradesh,Social Welfare,137924.23,11,2026-07-29,rahul.verma962@example.org,9620979010
JS00963,Kavya Verma,25.0,Telangana,Health,576438.11,6,2025-10-18,kavya.verma963@example.org,9293976787
JS00964,Rahul Nair,70.0,Karnataka,Transport,1345070.22,18,2025-08-06,rahul.nair964@example.org,9726579237
JS00965,Aarav Nair,67.0,Maharashtra,Education,671314.97,2,2025-09-10,aarav.nair965@example.org,9924905837
JS00966,Kavya Reddy,74.0,Karnataka,Health,483679.38,21,2025-05-05,kavya.reddy966@example.org,9523236607
JS00967,Sneha Gupta,24.0,Karnataka,Education,121001.79,14,2026-05-07,sneha.gupta967@example.org,9587538394
JS00968,Arjun Gupta,60.0,Andhra Pradesh,Rural Development,1457074.13,20,2026-04-09,arjun.gupta968@example.org,9448875327
JS00969,Meera Kumar,31.0,Andhra Pradesh,Rural Development,538902.6,1,2025-03-14,meera.kumar969@example.org,9687504515
JS00970,Meera Das,23.0,Tamil Nadu,Rural Development,332775.34,24,2026-02-13,meera.das970@example.org,9195765217
JS00971,Aarav Patel,28.0,Tamil Nadu,Social Welfare,484608.96,24,2025-06-07,aarav.patel971@example.org,9229495399
JS00972,Arjun Verma,69.0,Tamil Nadu,Rural Development,1363302.67,19,2025-05-15,arjun.verma972@example.org,9485520835
JS00973,Ananya Rao,50.0,Telangana,Social Welfare,712528.23,12,2026-05-03,ananya.rao973@example.org,9388277560
JS00974,Meera Gupta,45.0,Andhra Pradesh,Social Welfare,1231611.99,19,2025-07-10,meera.gupta974@example.org,9566117682
JS00975,Vikram Reddy,20.0,Maharashtra,Rural Development,1462045.94,21,2025-08-18,vikram.reddy975@example.org,9795366600
JS00976,Rahul Verma,51.0,Maharashtra,Health,492798.29,13,2025-03-23,rahul.verma976@example.org,9960652062
JS00977,Kavya Singh,27.0,Telangana,Rural Development,1274983.9,16,2026-03-14,kavya.singh977@example.org,9417270985
JS00978,Meera Sharma,53.0,Andhra Pradesh,Health,809048.62,16,2026-03-12,meera.sharma978@example.org,9543476209
JS00979,Ananya Verma,60.0,Maharashtra,Rural Development,584749.84,18,2025-03-25,ananya.verma979@example.org,9925328186
JS00980,Rohan Sharma,25.0,Tamil Nadu,Education,1196371.47,12,2025-02-16,rohan.sharma980@example.org,9189432561
JS00981,Vikram Singh,38.0,Maharashtra,Social Welfare,1155443.06,14,2025-09-29,vikram.singh981@example.org,9466504998
JS00982,Rahul Patel,29.0,Andhra Pradesh,Transport,448231.1,21,2025-04-19,rahul.patel982@example.org,9565788042
JS00983,Rohan Sharma,18.0,Tamil Nadu,Health,98892.53,20,2026-05-04,rohan.sharma983@example.org,9594096279
JS00984,Vikram Gupta,64.0,Tamil Nadu,Rural Development,958269.11,19,2026-01-05,vikram.gupta984@example.org,9841592991
JS00985,Vikram Singh,23.0,Telangana,Education,99703.8,3,2025-01-17,vikram.singh985@example.org,9847359140
JS00986,Priya Sharma,31.0,Tamil Nadu,Education,1002630.55,13,2026-07-06,priya.sharma986@example.org,9304992835
JS00987,Ananya Singh,67.0,Tamil Nadu,Education,753064.5,0,2025-04-30,ananya.singh987@example.org,9278354412
JS00988,Rahul Verma,49.0,Tamil Nadu,Health,1300910.95,18,2025-09-06,rahul.verma988@example.org,9316185483
JS00989,Arjun Gupta,71.0,Tamil Nadu,Health,554067.08,3,2026-03-19,arjun.gupta989@example.org,9546339338
JS00990,Kavya Gupta,56.0,Maharashtra,Rural Development,132564.45,12,2026-05-13,kavya.gupta990@example.org,9651211504
JS00991,Meera Gupta,61.0,Tamil Nadu,Education,1094292.27,16,2025-01-20,meera.gupta991@example.org,9553123931
JS00992,Meera Rao,53.0,Andhra Pradesh,Rural Development,1347885.62,13,2026-04-30,meera.rao992@example.org,9225564160
JS00993,Kavya Gupta,59.0,Karnataka,Social Welfare,1070470.51,0,2025-06-15,kavya.gupta993@example.org,9409249220
JS00994,Priya Verma,40.0,Tamil Nadu,Education,800843.04,18,2025-12-14,priya.verma994@example.org,9746500088
JS00995,Kavya Kumar,74.0,Karnataka,Social Welfare,1442920.78,21,2026-01-04,kavya.kumar995@example.org,9954669136
JS00996,Kavya Kumar,57.0,Telangana,Rural Development,1060790.52,2,2026-05-10,kavya.kumar996@example.org,9238616374
JS00997,Rahul Patel,28.0,Maharashtra,Social Welfare,223283.29,13,2026-05-21,rahul.patel997@example.org,9426043743
JS00998,Priya Patel,53.0,Andhra Pradesh,Health,589477.19,8,2026-01-01,priya.patel998@example.org,9826845755
JS00999,Rahul Kumar,70.0,Maharashtra,Health,1225678.07,10,2026-03-17,rahul.kumar999@example.org,9222373596
JS01000,Meera Patel,25.0,Maharashtra,Education,770638.72,10,2025-12-30,meera.patel1000@example.org,9926108943
